-- phpMyAdmin SQL Dump
-- version 4.1.12
-- http://www.phpmyadmin.net
--
-- Хост: 127.0.0.1
-- Время создания: Фев 04 2016 г., 15:04
-- Версия сервера: 5.6.16
-- Версия PHP: 5.5.11

SET SQL_MODE = "NO_AUTO_VALUE_ON_ZERO";
SET time_zone = "+00:00";


/*!40101 SET @OLD_CHARACTER_SET_CLIENT=@@CHARACTER_SET_CLIENT */;
/*!40101 SET @OLD_CHARACTER_SET_RESULTS=@@CHARACTER_SET_RESULTS */;
/*!40101 SET @OLD_COLLATION_CONNECTION=@@COLLATION_CONNECTION */;
/*!40101 SET NAMES utf8 */;

--
-- База данных: `maranik`
--

-- --------------------------------------------------------

--
-- Структура таблицы `about`
--

CREATE TABLE IF NOT EXISTS `about` (
  `id` int(11) NOT NULL AUTO_INCREMENT,
  `title` varchar(250) CHARACTER SET utf8 DEFAULT NULL,
  `description` text CHARACTER SET utf8,
  `img` varchar(50) DEFAULT NULL,
  `created_at` varchar(50) DEFAULT NULL,
  `cat_id` int(11) DEFAULT NULL,
  `lang` varchar(10) NOT NULL,
  `parrent_id` int(11) DEFAULT NULL,
  `slug` varchar(250) DEFAULT NULL,
  `updated_at` varchar(50) DEFAULT NULL,
  `seo_title` varchar(250) DEFAULT NULL,
  `seo_keywords` varchar(250) DEFAULT NULL,
  `seo_description` varchar(250) DEFAULT NULL,
  `text` text CHARACTER SET utf8,
  PRIMARY KEY (`id`)
) ENGINE=InnoDB  DEFAULT CHARSET=latin1 AUTO_INCREMENT=2 ;

--
-- Дамп данных таблицы `about`
--

INSERT INTO `about` (`id`, `title`, `description`, `img`, `created_at`, `cat_id`, `lang`, `parrent_id`, `slug`, `updated_at`, `seo_title`, `seo_keywords`, `seo_description`, `text`) VALUES
(1, 'Հատիկեղենի և համեմունքների լավագույն ապրանքանիշ', '<p>&laquo;Մառանիկ&raquo; ընկերությունը հիմնադրվել է 2001թ.ին՝ առաջին անգամ հայրենական շուկայում հանդես գալով նոր որակի &nbsp;փաթեթավորված &nbsp;ձավարեղենով: &laquo;Մառանիկի&raquo; փաթեթավորված ձավարեղենը շատ արագ տարածում և ճանաչում ստացավ հայաստանյան սպառողի կողմից: Ընկերությունը, անընդհատ աշխատելով իր արտադրանքի որակի բարձրացման և տեսականու ընդլայնման վրա, այժմ սպառողին է ներկայանում վեց հիմնական ուղղություններով՝ ձավարեղեն, համեմունքներ, ալյուր, չիր-չարազեղեն, սուրճ ու մակարոնեղեն:<br />&laquo;Մառանիկ&raquo; ընկերությունը առաջարկում է իր սպառողներին փաթեթավորված ձավարեղենի ավելի քան 40 տեսակ, որոնցում առկա են ձավարեղենի ինչպես ավանդական, այնպես էլ հազվագյուտ տեսակներ, ինչպիսիք են Միրակոլո, Ժասմին, Սուրինամ բրինձները: Ընկերությունը սպառողին է առաջարկում Միրակոլո բրնձի 3 տեսակ, որոնք իրենցից ներկայացնում են վայրի սև բրնձի և բրնձի այլ հազվագյուտ տեսակների խառնուրդներ: Ժասմին բրինձը աչքի է ընկնում իր անուշ բույրով և յուրօրինակ համային հատկանիշներով: <br /><br /></p>', 'image_1454418702.jpg', '2016-02-02 00:25:32', NULL, 'am', 1, 'hatikegheni-ew-hamemownkneri-lavagowyn-aprankanish', '2016-02-04 17:57:08', NULL, NULL, NULL, '<p>նիկ&raquo; ընկերությունը սպառողին է ներկայանում իր համեմունքների անկրկնելի և ընդարձակ տեսականիով, որոնք ընդգրկում են հնդկական, արաբական, վրացական և հայկական համեմունքների շարքեր և համեմունքների նպատակային խառնուրդներ, ինչպիսիք են ՝ խոզի մսի, հավի մսի, ձկան, լանգետի, կոտլետի և այլ կերակրատեսակների համար ստեղծված նպատակային համեմունքների հատուկ մշակման խառնուրդներ: Ընկերությունը սպառողին է ներկայացնում ինչպես ավանդական և մշտապես կիրառվող, այնպես էլ հազվագյուտ համեմունքներ, ինչպիսիք են քարրին, քուրքուման, թանդուրի խառնուրդը, օրեգանոն, մշկընկույզը, չորացրած կիտրոնի փոշին, սխտորի փոշին, սպիտակ պղպեղը և այլն: Սպառողին է առաջարկվում նաև չրերի և չարազեղենի լայն և ավելացվող տեսականի:</p>\r\n<p><br /> &laquo;Մառանիկ&raquo; ընկերությունն աչքի է ընկնում իր ամենաբարձր որակի իտալական մակարոններով, որոնք բացառիկ են հայաստանյան մակարոնեղենի շուկայում:<br />Ապրանքների ներմուծումը ընկերությունն իրականացնում է Կանադայից, Թայլանդից, Արգենտինայից, Հնդկաստանից, Ուկրաինայից, Եգիպտոսից, Մեքսիկայից, ԱՄՆ-ից և այլ երկրներից՝ այս գործընթացում կարևորելով ոչ թե գնային, այլ որակական գործոնը` մատուցելով իր սպառողին միայն բարձրորակ և հատընտիր ապրանքներ: Պատահական չէ, որ ընկերության կարգախոսն է &laquo;Ընտրյալ հատիկ համի գաղտնիք&raquo;:</p>\r\n<p><br />Ընկերությունը քայլեր է կատարում նաև արտահանման կազմակերպման ուղղությամբ. &laquo;Մառանիկ&raquo; ՍՊԸ արտադրանքը արտահանվում է ԼՂՀ, Վրաստան, Ռուսաստան, ԱՄՆ, Իտալիա: Հետագայում պլանավորվում է արտահանում կազմակերպել նաև եվրոպական այլ երկրներ: 2012թին հզորացվել են ընկերության արտադրական կարողությունները, ձեռք է բերվել սուրճի հոսքագիծ, որի շնորհիվ ընկերությունը իր սպառողներին ներկայանաում է նաև բարձրորակ սուրճի լայն տեսականիով:</p>\r\n<p><br /> Ընկերությունը հանդիսանում է շուկայի առաջատար իր արտադրանքի բարձր որակի և որդեգրած աշխատանքային սկզբունքների շնորհիվ, որոնք են՝ որակի բազմաստիճան վերահսկողություն, սանիտարահիգիենիկ պայմանների պահպանում, կարգապահություն, աշխատակիցների վերապատրաստման և մասնագիտական ունակությունների բարձրացմանն ուղղված աշխատանքների իրականացում, ձգտում դեպի կատարելություն: Մշտապես աշխատելով որակի բարձրացման ուղղությամբ, ուսումնասիրելով սպառողների պահանջմունքները, ունենալով հմուտ և փորձառու աշխատանքային անձնակազմ՝ ընկերությունը առաջատարն է ՀՀ ձավարեղենի շուկայում և գործադրում է մեծ ջանքեր՝ պահպանելու իր սպառողների նվիրվածությունն ու վստահությունը:</p>\r\n<p>&nbsp;</p>');

-- --------------------------------------------------------

--
-- Структура таблицы `auth_assignment`
--

CREATE TABLE IF NOT EXISTS `auth_assignment` (
  `item_name` varchar(64) NOT NULL,
  `user_id` varchar(64) NOT NULL,
  `created_at` int(11) DEFAULT NULL,
  `rol` tinyint(4) DEFAULT NULL,
  PRIMARY KEY (`item_name`,`user_id`)
) ENGINE=InnoDB DEFAULT CHARSET=latin1;

--
-- Дамп данных таблицы `auth_assignment`
--

INSERT INTO `auth_assignment` (`item_name`, `user_id`, `created_at`, `rol`) VALUES
('admin', '2', NULL, 1),
('sooperadmin', '4', NULL, 0);

-- --------------------------------------------------------

--
-- Структура таблицы `auth_item`
--

CREATE TABLE IF NOT EXISTS `auth_item` (
  `name` varchar(64) NOT NULL,
  `type` int(11) NOT NULL,
  `description` text,
  `rule_name` varchar(64) DEFAULT NULL,
  `data` text,
  `created_at` int(11) DEFAULT NULL,
  `updated_at` int(11) DEFAULT NULL,
  PRIMARY KEY (`name`),
  KEY `rule_name` (`rule_name`),
  KEY `type` (`type`)
) ENGINE=InnoDB DEFAULT CHARSET=latin1;

--
-- Дамп данных таблицы `auth_item`
--

INSERT INTO `auth_item` (`name`, `type`, `description`, `rule_name`, `data`, `created_at`, `updated_at`) VALUES
('admin', 1, NULL, NULL, NULL, NULL, NULL),
('create-page', 1, NULL, NULL, NULL, NULL, NULL),
('create-post', 1, NULL, NULL, NULL, NULL, NULL),
('sooperadmin', 2, NULL, NULL, NULL, NULL, NULL);

-- --------------------------------------------------------

--
-- Структура таблицы `auth_item_child`
--

CREATE TABLE IF NOT EXISTS `auth_item_child` (
  `parent` varchar(64) NOT NULL,
  `child` varchar(64) NOT NULL,
  PRIMARY KEY (`parent`,`child`),
  KEY `child` (`child`)
) ENGINE=InnoDB DEFAULT CHARSET=latin1;

--
-- Дамп данных таблицы `auth_item_child`
--

INSERT INTO `auth_item_child` (`parent`, `child`) VALUES
('sooperadmin', 'admin'),
('admin', 'create-post');

-- --------------------------------------------------------

--
-- Структура таблицы `auth_rule`
--

CREATE TABLE IF NOT EXISTS `auth_rule` (
  `name` varchar(64) NOT NULL,
  `data` text,
  `created_at` int(11) DEFAULT NULL,
  `updated_at` int(11) DEFAULT NULL,
  PRIMARY KEY (`name`)
) ENGINE=InnoDB DEFAULT CHARSET=latin1;

-- --------------------------------------------------------

--
-- Структура таблицы `cat`
--

CREATE TABLE IF NOT EXISTS `cat` (
  `id` int(11) NOT NULL AUTO_INCREMENT,
  `slug` varchar(250) NOT NULL,
  `title` varchar(250) CHARACTER SET armscii8 NOT NULL,
  `lang` varchar(250) CHARACTER SET armscii8 DEFAULT NULL,
  `paret_id` int(11) NOT NULL,
  `img` varchar(50) CHARACTER SET armscii8 DEFAULT NULL,
  `description` text CHARACTER SET armscii8,
  `forlang_id` int(11) NOT NULL,
  `seo_title` varchar(250) DEFAULT NULL,
  `seo_keywords` varchar(250) DEFAULT NULL,
  `seo_description` varchar(250) DEFAULT NULL,
  PRIMARY KEY (`id`)
) ENGINE=InnoDB DEFAULT CHARSET=latin1 AUTO_INCREMENT=1 ;

-- --------------------------------------------------------

--
-- Структура таблицы `categories`
--

CREATE TABLE IF NOT EXISTS `categories` (
  `id` int(11) NOT NULL AUTO_INCREMENT,
  `slug` varchar(250) NOT NULL,
  `title` varchar(250) CHARACTER SET armscii8 NOT NULL,
  `lang` varchar(250) CHARACTER SET armscii8 DEFAULT NULL,
  `paret_id` int(11) NOT NULL,
  `img` varchar(50) CHARACTER SET armscii8 DEFAULT NULL,
  `description` text CHARACTER SET armscii8,
  `forlang_id` int(11) NOT NULL,
  PRIMARY KEY (`id`)
) ENGINE=InnoDB  DEFAULT CHARSET=latin1 AUTO_INCREMENT=45 ;

--
-- Дамп данных таблицы `categories`
--

INSERT INTO `categories` (`id`, `slug`, `title`, `lang`, `paret_id`, `img`, `description`, `forlang_id`) VALUES
(18, 'cat-1-eng', 'cat-1-eng', 'en', 0, NULL, '', 17),
(21, '', '', 'en', 0, NULL, NULL, 20),
(22, '', '', 'ru', 0, NULL, NULL, 20),
(24, 'cat', 'cat', 'am', 0, NULL, '', 24),
(25, '', '', 'en', 0, NULL, NULL, 24),
(26, '', '', 'ru', 0, NULL, NULL, 24),
(27, '', '', 'en', 0, NULL, NULL, 1),
(28, '', '', 'en', 0, NULL, NULL, 1),
(29, '', '', 'en', 0, NULL, NULL, 1),
(30, '', '', 'en', 0, NULL, NULL, 1),
(31, '', '', 'en', 0, NULL, NULL, 1),
(32, '', '', 'en', 0, NULL, NULL, 1),
(33, '', '', 'en', 0, NULL, NULL, 1),
(34, '', '', 'en', 0, NULL, NULL, 1),
(35, '', '', 'en', 0, NULL, NULL, 1),
(36, '', '', 'en', 0, NULL, NULL, 1),
(37, '', '', 'en', 0, NULL, NULL, 1),
(38, '', '', 'en', 0, NULL, NULL, 1),
(39, '', '', 'en', 0, NULL, NULL, 1),
(40, '', '', 'en', 0, NULL, NULL, 1),
(41, '', '', 'en', 0, NULL, NULL, 1),
(42, '', '', 'en', 0, NULL, NULL, 1),
(43, '', '', 'en', 0, NULL, NULL, 1),
(44, '', '', 'en', 0, NULL, NULL, 1);

-- --------------------------------------------------------

--
-- Структура таблицы `cat_rel`
--

CREATE TABLE IF NOT EXISTS `cat_rel` (
  `cat_id` int(11) NOT NULL,
  `item_id` int(11) NOT NULL,
  `id` int(11) NOT NULL AUTO_INCREMENT,
  PRIMARY KEY (`id`)
) ENGINE=InnoDB  DEFAULT CHARSET=latin1 AUTO_INCREMENT=77 ;

--
-- Дамп данных таблицы `cat_rel`
--

INSERT INTO `cat_rel` (`cat_id`, `item_id`, `id`) VALUES
(30, 26, 11),
(30, 27, 46),
(31, 27, 47),
(30, 27, 48),
(30, 7, 59),
(32, 7, 60),
(31, 7, 61),
(30, 7, 62),
(30, 28, 66),
(31, 28, 67),
(30, 28, 68),
(30, 31, 69),
(2, 33, 74),
(2, 31, 75),
(16, 31, 76);

-- --------------------------------------------------------

--
-- Структура таблицы `emails`
--

CREATE TABLE IF NOT EXISTS `emails` (
  `id` int(11) NOT NULL AUTO_INCREMENT,
  `name` varchar(200) NOT NULL,
  `email` varchar(200) NOT NULL,
  `subject` varchar(250) NOT NULL,
  `body` text NOT NULL,
  `user_ip` varchar(50) NOT NULL,
  `created_at` varchar(100) NOT NULL,
  `is_new` tinyint(1) DEFAULT NULL,
  PRIMARY KEY (`id`)
) ENGINE=InnoDB  DEFAULT CHARSET=latin1 AUTO_INCREMENT=7 ;

--
-- Дамп данных таблицы `emails`
--

INSERT INTO `emails` (`id`, `name`, `email`, `subject`, `body`, `user_ip`, `created_at`, `is_new`) VALUES
(2, 'asdasd', 'assd@sad.fg', 'asd', 'asd', '127.0.0.1', '1434708582', 1),
(3, 'asda', 'asd@asdsd.sd', 'asd', 'asd', '127.0.0.1', '1434709054', 1),
(6, 'sfsdf', 'ssfd@sd.hg', 'asdsd', 'ssds', '127.0.0.1', '1434712505', 1);

-- --------------------------------------------------------

--
-- Структура таблицы `event`
--

CREATE TABLE IF NOT EXISTS `event` (
  `id` int(11) NOT NULL AUTO_INCREMENT,
  `title` varchar(250) NOT NULL,
  `description` text,
  `created_at` varchar(50) NOT NULL,
  PRIMARY KEY (`id`)
) ENGINE=InnoDB  DEFAULT CHARSET=latin1 AUTO_INCREMENT=15 ;

--
-- Дамп данных таблицы `event`
--

INSERT INTO `event` (`id`, `title`, `description`, `created_at`) VALUES
(7, 'asdasd', '', '2015-06-15'),
(10, '7', 'fgh', '2015-06-07'),
(11, '14', 'sdfsdf', '2015-06-11 20:25'),
(12, '17', 'fgjghj', '2015-06-16'),
(13, 'asdasd', '', '2015-06-26 18:50'),
(14, 'asdads', 'asdsada  ', '2015-06-26 19:45');

-- --------------------------------------------------------

--
-- Структура таблицы `ingredients`
--

CREATE TABLE IF NOT EXISTS `ingredients` (
  `id` int(11) NOT NULL AUTO_INCREMENT,
  `product_id` int(11) DEFAULT NULL,
  `product_id_1` varchar(30) COLLATE utf8_unicode_ci DEFAULT NULL,
  `product_id_2` varchar(30) COLLATE utf8_unicode_ci DEFAULT NULL,
  `product_id_3` varchar(30) COLLATE utf8_unicode_ci DEFAULT NULL,
  `product_id_4` varchar(30) COLLATE utf8_unicode_ci DEFAULT NULL,
  `product_id_5` varchar(30) COLLATE utf8_unicode_ci DEFAULT NULL,
  `title` varchar(250) COLLATE utf8_unicode_ci DEFAULT NULL,
  `description` text COLLATE utf8_unicode_ci,
  `country_of_origin` varchar(70) COLLATE utf8_unicode_ci NOT NULL,
  `usage_area` varchar(70) CHARACTER SET utf8 NOT NULL,
  `taste_specification` varchar(70) CHARACTER SET utf8 NOT NULL,
  `available_weight` varchar(70) CHARACTER SET utf8 NOT NULL,
  `img` varchar(50) CHARACTER SET latin1 DEFAULT NULL,
  `video` varchar(150) CHARACTER SET latin1 NOT NULL,
  `created_at` varchar(50) CHARACTER SET latin1 DEFAULT NULL,
  `cat_id` int(11) DEFAULT NULL,
  `lang` varchar(10) CHARACTER SET latin1 NOT NULL,
  `parrent_id` int(11) DEFAULT NULL,
  `slug` varchar(250) CHARACTER SET latin1 DEFAULT NULL,
  `updated_at` varchar(50) CHARACTER SET latin1 DEFAULT NULL,
  `seo_title` varchar(250) CHARACTER SET latin1 DEFAULT NULL,
  `seo_keywords` varchar(250) CHARACTER SET latin1 DEFAULT NULL,
  `seo_description` varchar(250) CHARACTER SET latin1 DEFAULT NULL,
  PRIMARY KEY (`id`)
) ENGINE=InnoDB  DEFAULT CHARSET=utf8 COLLATE=utf8_unicode_ci AUTO_INCREMENT=198 ;

--
-- Дамп данных таблицы `ingredients`
--

INSERT INTO `ingredients` (`id`, `product_id`, `product_id_1`, `product_id_2`, `product_id_3`, `product_id_4`, `product_id_5`, `title`, `description`, `country_of_origin`, `usage_area`, `taste_specification`, `available_weight`, `img`, `video`, `created_at`, `cat_id`, `lang`, `parrent_id`, `slug`, `updated_at`, `seo_title`, `seo_keywords`, `seo_description`) VALUES
(1, 314, '313 - 1կգ', '', '', NULL, NULL, 'Բրինձ երկար դասական ', '<p>Երկար հատիկներով սպիտակ բրինձ նախատեսված փլավների և ապուրների համար</p>', 'Թայլանդ', '', '', '0.5կգ, 1կգ', 'image_1454494147.jpg', '', '2016-02-01 21:30:29', 1, 'am', 1, 'brindz-erkar-dasakan', '2016-02-03 14:09:20', NULL, NULL, NULL),
(3, 322, '322 - 0.5կգ', '321 - 1կգ', '', '', '', 'Բրինձ կլոր', '<p>Բարձրակարգ կլոր բրինձ նախատեսված փլավների շիլաների համար</p>', 'ԱՄՆ', '', '', '0.5կգ, 1կգ', 'image_1454494365.jpg', '', '2016-02-01 21:34:45', 1, 'am', 3, 'brindz-klor', '2016-02-04 17:57:20', NULL, NULL, NULL),
(5, 377, '377 - 0.5կգ', '360 - 1կգ', '', NULL, NULL, 'Բրինձ բասմատի', '<p>Բրնձի այս տեսակը առանձնանում է իր յուրահատուկ համով և բույրով&nbsp;</p>', 'Պակիստան', '', '', '0.5կգ, 1կգ', 'image_1454494448.jpg', '', '2016-02-01 21:36:40', 1, 'am', 5, 'brindz-basmati', '2016-02-03 14:14:09', NULL, NULL, NULL),
(7, 367, '367 - 0.5կգ', '789 - 1կգ', '', NULL, NULL, 'Բրինձ սուրինամ', '<p>Նուրբ համով բրինձ հիմնականում օգտագործվում է խավարտների պատրաստման ժամանակ</p>', 'Թայլանդ', '', '', '0.5կգ, 1կգ', 'image_1454358776.jpg', '', '2016-02-02 00:32:56', 1, 'am', 7, 'brindz-sowrinam', '2016-02-03 14:15:09', NULL, NULL, NULL),
(9, 378, '', '', '', NULL, NULL, 'Բրինձ միրակոլո', '<p>Վայրի բրինձ բրնձի տարբեր տեսակների խառնուրդներ&nbsp;</p>', 'ԱՄՆ', '', '', '0.5կգ', 'image_1454358923.jpg', '', '2016-02-02 00:35:23', 1, 'am', 9, 'brindz-mirakolo', '2016-02-03 14:16:36', NULL, NULL, NULL),
(10, 493, '', '', '', NULL, NULL, 'Բրինձ միրակոլո էքսկլյուզիվ', '<p>Վայրի բրինձ բրնձի տարբեր տեսակների խառնուրդներ</p>', 'ԱՄՆ', '', '', '0.5կգ', 'image_1454358991.jpg', '', '2016-02-02 00:36:31', 1, 'am', 10, 'brindz-mirakolo-eksklyowziv', '2016-02-03 14:16:53', NULL, NULL, NULL),
(11, 492, '', '', '', NULL, NULL, 'Բրինձ միրակոլո պլատինիում', '<p>Վայրի բրինձ&nbsp;</p>', 'Թայլանդ', '', '', '0.45կգ', 'image_1454359045.jpg', '', '2016-02-02 00:37:26', 1, 'am', 11, 'brindz-mirakolo-platiniowm', '2016-02-03 14:16:58', NULL, NULL, NULL),
(12, 420, '420 - 0.5կգ', '788 - 1կգ', '', NULL, NULL, 'Բրինձ ժասմին', '<p>Ժասմին ծաղիկի և բրնձի հիբրիդ որը լայն ճանաչում ունի աշխարհում աչքի է ընկնում նուրբ յուրահատուկ բույրով</p>', 'Թայլանդ', '', '', '0.5կգ, 1կգ', 'image_1454494691.jpg', '', '2016-02-02 00:38:35', 1, 'am', 12, 'brindz-zhasmin', '2016-02-03 14:18:11', NULL, NULL, NULL),
(14, 331, '331 - 0.5կգ', '332 - 1կգ', '', NULL, NULL, 'Ոսպ', '<p>Ոսպը աչքի է ընկնում հարուստ հանքանյուերով և երկաթի բարձր պարունակությամբ</p>', 'Կանադա', '', '', '0.5կգ, 1կգ', 'image_1454494895.jpg', '', '2016-02-02 00:42:06', 1, 'am', 14, 'osp', '2016-02-03 14:22:09', NULL, NULL, NULL),
(16, 345, '345 - 0.5կգ', '344 - 1կգ', '', NULL, NULL, 'Ձավար', '<p>Հատուկ տեխնոլոգիաներով մշակված ձավարը հարմար է օգտագործել փլավների և շիլաների պատրաստման ժամանակ</p>', 'Հայաստան', '', '', '0.5կգ, 1կգ', 'image_1454495401.jpg', '', '2016-02-02 00:47:25', 1, 'am', 16, 'dzavar', '2016-02-03 14:30:02', NULL, NULL, NULL),
(18, 339, '339 - 0.5կգ', '340 - 1կգ', '', NULL, NULL, 'Հաճար', '<p>Վայրի ցորենի տեսակ որը աչքի է ընկնում համային և որակական բարձր հատկանիշներով</p>', 'Հայաստան', '', '', '0.5կգ, 1կգ', 'image_1454495487.jpg', '', '2016-02-02 00:49:26', 1, 'am', 18, 'hachar', '2016-02-03 14:32:11', NULL, NULL, NULL),
(20, 346, '', '', '', NULL, NULL, 'Բլղուր խոշոր', '<p>Գեղեցիկ սաթե գույնով բլղուր նախատեսված փլավների համար</p>', 'Սիրիա', '', '', '0.5կգ', 'image_1454359884.jpg', '', '2016-02-02 00:51:24', 1, 'am', 20, 'blghowr-khoshor', '2016-02-03 14:36:59', NULL, NULL, NULL),
(22, 748, '', '', '', NULL, NULL, 'Կանաչ ոլոռ ամբողջական', '<p>Հղկման և փայլեցման նորագույն տեխնոլոգիաներով անցած հատիկները ունեն գերազանց ապրանքային տեսք և բարձր համային հատկանիշներով</p>', 'Կանադա', '', '', '0.5կգ', NULL, '', '2016-02-02 00:56:19', 1, 'am', 22, 'kanach-olorh-amboghjakan', '2016-02-03 14:36:53', NULL, NULL, NULL),
(23, 359, '', '', '', NULL, NULL, 'Կլոր սիսեռ', '<p>Բարձրակարգ խոշոր հատիկներով սիսեռ նախատեսված &nbsp;տարատեսակ կերակուրների համար&nbsp;</p>', 'Մեքսիկա', '', '', '0.5կգ', 'image_1454360237.jpg', '', '2016-02-02 00:57:18', 1, 'am', 23, 'klor-siserh', '2016-02-03 14:36:46', NULL, NULL, NULL),
(24, 354, '354 - 0.5կգ', '353 -1 կգ', '', '', '', 'Լոբի կարմիր', '', 'Չինաստան', '', '', '0.5կգ, 1կգ', 'image_1454495981.png', '', '2016-02-02 00:59:39', 1, 'am', 24, 'lobi-karmir', '2016-02-04 15:46:16', NULL, NULL, NULL),
(26, 369, '', '', '', NULL, NULL, 'Լոբի սև', '', 'Չինաստան', '', '', '0.5կգ', 'image_1454360476.jpg', '', '2016-02-02 01:01:16', 1, 'am', 26, 'lobi-sew', '2016-02-03 14:40:06', NULL, NULL, NULL),
(27, 370, '', '', '', NULL, NULL, 'Լոբի սև աչք', '', 'Չինաստան', '', '', '0.5կգ', 'image_1454360536.jpg', '', '2016-02-02 01:02:16', 1, 'am', 27, 'lobi-sew-achk', '2016-02-03 14:40:34', NULL, NULL, NULL),
(28, 368, '', '', '', NULL, NULL, 'Լոբի սպիտակ', '', 'Չինաստան', '', '', '0.5կգ', 'image_1454360580.jpg', '', '2016-02-02 01:03:00', 1, 'am', 28, 'lobi-spitak', '2016-02-03 14:40:49', NULL, NULL, NULL),
(29, 363, '', '', '', NULL, NULL, 'Սպիտակաձավար', '<p>Ցորենից ստացված բարձրակարգ սպիտակաձավար անփոխարինելի կերակուր ձեր փոքրիկների համար</p>', 'Հայաստան', '', '', '0,4կգ', 'image_1454360637.jpg', '', '2016-02-02 01:03:57', 1, 'am', 29, 'spitakadzavar', '2016-02-03 14:41:24', NULL, NULL, NULL),
(30, 350, '', '', '', NULL, NULL, 'Գարեձավար', '<p>Նորագույն տեխնոլոգիաների շնորհիվ հարստացված հատիկները ձեր առողջ սննդի գրավականն են</p>', 'Հայաստան', '', '', '0.5կգ', 'image_1454360690.jpg', '', '2016-02-02 01:04:50', 1, 'am', 30, 'garedzavar', '2016-02-03 14:41:30', NULL, NULL, NULL),
(31, 372, '', '', '', NULL, NULL, 'Եգիպտացորենի հատիկներ', '<p>Բարձրորակ եգիպտացորինի հատիկներ</p>', 'Արգենտինա', '', '', '0.5կգ', 'image_1454360732.jpg', '', '2016-02-02 01:05:33', 1, 'am', 31, 'egiptatsoreni-hatikner', '2016-02-03 14:42:06', NULL, NULL, NULL),
(32, 373, '373 - 0.5կգ', '387 - 1կգ', '', NULL, NULL, 'Շաքարավազ', '', 'Հայաստան', '', '', '0.5կգ, 1կգ', 'image_1454496170.jpg', '', '2016-02-02 01:06:10', 1, 'am', 32, 'shakaravaz', '2016-02-03 14:42:51', NULL, NULL, NULL),
(34, 396, '', '', '', NULL, NULL, 'Փոխինձ', '', 'Հայաստան', '', '', '0.7կգ', 'image_1454360850.jpg', '', '2016-02-02 01:07:30', 1, 'am', 34, 'pokhindz', '2016-02-03 14:43:12', NULL, NULL, NULL),
(35, 392, '392 -50գ', '647 - 25գ', '994- 15գ', '1123 - 30գ', '1124 - 70գ ', 'Աղացած սև պղպեղ', '<p>Մաքուր աղացած սև պղպեղ առանց&nbsp;</p>', 'Վիետնամ', '', '', '50գ, 25գ, 15գ, 30գ, 70գ,', 'image_1454361073.jpg', '', '2016-02-02 01:11:14', 2, 'am', 35, 'aghatsats-sew-pghpegh', '2016-02-03 14:54:35', NULL, NULL, NULL),
(36, 393, '393 - 50գ', '648 - 25գ', '992 - 15գ', '1148 - 30գ', '', 'Աղացած կարմիր պղպեղ (Կծու)', '', 'Հնդկաստան', '', '', '50գ, 25գ, 15գ, 30գ', 'image_1454362253.jpg', '', '2016-02-02 01:30:53', 2, 'am', 36, 'aghatsats-karmir-pghpegh-ktsow', '2016-02-03 14:56:39', NULL, NULL, NULL),
(37, 402, '402 - 50գ', '995 - 15գ', '1152 - 30գ', '', '', 'Սև հատիկավոր պղպեղ', '<p>Զտված սև պղպեղի ամբողջական հատիկներ&nbsp;</p>', 'Վիետնամ', '', '', '50գ, 15գ, 30գ', 'image_1454501184.jpg', '', '2016-02-02 01:32:46', 2, 'am', 37, 'sew-hatikavor-pghpegh', '2016-02-03 16:07:23', NULL, NULL, NULL),
(38, 643, '643 - 25գ', '993 - 15գ', '1149 - 30գ', '1150 - 50գ', '', 'Կարմիր պղպեղ քաղցր (Պապրիկա)', '', 'Հնդկաստան', '', '', '25գ, 15գ, 30գ, 50գ', 'image_1454362441.jpg', '', '2016-02-02 01:34:02', 2, 'am', 38, 'karmir-pghpegh-kaghtsr-paprika', '2016-02-03 16:09:54', NULL, NULL, NULL),
(41, 654, '', '', '', '', '', 'Սպիտակ պղպեղ', '', 'ԱՄԷ', '', '', '30գ', 'image_1454362621.jpg', '', '2016-02-02 01:37:02', 2, 'am', 41, 'spitak-pghpegh', '2016-02-03 14:58:08', NULL, NULL, NULL),
(42, 403, '403 - 50գ', '680 - 25կգ', '1126 - 50գ', '', '', 'Կիտրոնաթթու', '', 'Չինաստան', '', '', '50գ, 25գ', 'image_1454362689.jpg', '', '2016-02-02 01:38:10', 2, 'am', 42, 'kitronattow', '2016-02-03 15:03:52', NULL, NULL, NULL),
(44, 461, '461 - 30գ', '1122 - 20գ', '', '', '', 'Բահար հատիկավոր', '<p>Բարձրակարգ բահար նախատեսված թթուների մարինադների ինչպես նաև մսային կերակուրների համար</p>', 'Մեքսիկա', '', '', '30գ, 20գ', 'image_1454362808.jpg', '', '2016-02-02 01:40:09', 2, 'am', 44, 'bahar-hatikavor', '2016-02-03 15:01:05', NULL, NULL, NULL),
(45, 651, '', '', '', '', '', 'Բահար աղացած', '', 'Մեքսիկա', '', '', '30գ', 'image_1454362879.jpg', '', '2016-02-02 01:41:19', 2, 'am', 45, 'bahar-aghatsats', '2016-02-03 15:01:35', NULL, NULL, NULL),
(46, 468, '468 - 30գ', '1153 - 30գ', '', '', '', 'Սխտորի փոշի', '', 'Չինաստան', '', '', '30', 'image_1454362919.jpg', '', '2016-02-02 01:42:00', 2, 'am', 46, 'skhtori-poshi', '2016-02-03 15:05:04', NULL, NULL, NULL),
(47, 467, '467 - 30գ', '1156 - 15գ', '', '', '', 'Ծիտրոն', '<p>Չորացրած մանրացրած ծիտրոն&nbsp;</p>', 'Հայաստան', '', '', '30գ, 15գ', 'image_1454362959.jpg', '', '2016-02-02 01:42:39', 2, 'am', 47, 'tsitron', '2016-02-03 15:06:25', NULL, NULL, NULL),
(48, 466, '466 - 10գ', '1120 - 10գ', '', '', '', 'Դափնու տերև', '<p>Հատուկ պայմաններում չորոցրած դափնու տերևը պահպանել է իրեն բնորոշ համային և որոկական հատկությունները</p>', 'ԱՄԷ', '', '', '10գ', 'image_1454363028.jpg', '', '2016-02-02 01:43:49', 2, 'am', 48, 'dapnow-terew', '2016-02-03 15:08:30', NULL, NULL, NULL),
(49, 457, '457 - 30գ', '1129 - 30գ', '', '', '', 'Դարչին', '<p>Աղացած դարչին բնորոշ է տաք մի քիչ կծու հոտ օգտագործվում է հրուշակեղեի և թեյերի պատրաստման ժամանակ</p>', 'Չինաստան', '', '', '30գ', 'image_1454363071.jpg', '', '2016-02-02 01:44:32', 2, 'am', 49, 'darchin', '2016-02-03 15:10:55', NULL, NULL, NULL),
(50, 458, '458 - 30գ', '1142 - 30գ', '', '', '', 'Մեխակ', '<p>Ընտրված հատիկներով բարձրակարգ մեխակ&nbsp;</p>', 'ԱՄԷ', '', '', '30գ', 'image_1454363151.jpg', '', '2016-02-02 01:45:51', 2, 'am', 50, 'mekhak', '2016-02-03 15:11:46', NULL, NULL, NULL),
(51, 459, '459 - 30գ', '1141 - 40գ', '', '', '', 'Քունջութ', '<p>Օգտագործվում է հացաբուլկեղենի և խմորեղենների արտադրության մեջ</p>', 'Հնդկաստան', '', '', '30գ, 40գ', 'image_1454363219.jpg', '', '2016-02-02 01:46:59', 2, 'am', 51, 'kownjowt', '2016-02-03 15:14:29', NULL, NULL, NULL),
(52, 460, '460 - 40գ', '1127 - 40գ', '', '', '', 'Կոկոսի քերուկ', '<p>Բարձր կարգի բնական հումքից ստացված կոկոսի քերուկ&nbsp;</p>', 'Ինդոնեզիա', '', '', '30գ, 40գ', 'image_1454363290.jpg', '', '2016-02-02 01:48:11', 2, 'am', 52, 'kokosi-kerowk', '2016-02-03 15:16:51', NULL, NULL, NULL),
(53, 514, '', '', '', '', '', 'Կաթի փոշի', '<p>Բարձրոակ կաթի փոշի</p>', 'Ուկրաինա', '', '', '50գ', 'image_1454363336.jpg', '', '2016-02-02 01:48:56', 2, 'am', 53, 'kati-poshi', '2016-02-03 15:17:02', NULL, NULL, NULL),
(54, 515, '515 - 25գ', '1155 - 70գ', '', '', '', 'Շաքարի փոշի', '', 'Հայաստան', '', '', '25գ, 70գ', 'image_1454363370.jpg', '', '2016-02-02 01:49:30', 2, 'am', 54, 'shakari-poshi', '2016-02-03 15:18:48', NULL, NULL, NULL),
(55, 523, '523 - 25գ', '1144 - 30գ', '', '', '', 'Օսլա', '', 'Գերմանիա', '', '', '25գ, 30գ', 'image_1454363405.jpg', '', '2016-02-02 01:50:05', 2, 'am', 55, 'osla', '2016-02-03 15:20:30', NULL, NULL, NULL),
(56, 522, '522 - 25գ', '1131 - 35գ', '', '', '', 'Ժելատին (Դոնդող)', '<p>Բարձրորոկ հումքից ստացված ճելատին նախատեսված բազմատեսակ անղանդերների պատրաստման համար</p>', '¶»ñÙ³ÝÇ³', '', '', '25գ, 35գ', 'image_1454363459.jpg', '', '2016-02-02 01:50:59', 2, 'am', 56, 'zhelatin-dondogh', '2016-02-03 15:21:49', NULL, NULL, NULL),
(57, 526, '526 - 50գ', '1147 - 35գ', '', '', '', 'Կակաո', '<p>Բնական հումքից ստացված բարձրակարգ կակաո նախատեսված է հրուշակեղենի պատրաստման համար</p>', 'Գերմանիա', '', '', '50գ, 35գ', 'image_1454363510.jpg', '', '2016-02-02 01:51:50', 2, 'am', 57, 'kakao', '2016-02-03 15:28:55', NULL, NULL, NULL),
(58, 527, '527 - 10գ', '1158 - 40գ', '', '', '', 'Վանիլին', '<p>Բարձրակարգ վանիլին նախատեսված բազմատեսակ անղանդերների պատրաստման համար</p>', 'Չինաստան', '', '', '10գ, 40գ', 'image_1454363555.jpg', '', '2016-02-02 01:52:35', 2, 'am', 58, 'vanilin', '2016-02-03 15:31:00', NULL, NULL, NULL),
(59, 517, '', '', '', '', '', 'Պաքսիմատ', '<p>Բարձրորակ սպիտակ չորոհացից պատրաստված պաքսիմատը նախատեսված է կոտլետների և այլ կերակրատեսակների պատրաստման ժամանակ</p>', 'Հայաստան', '', '', '50գ', 'image_1454363595.jpg', '', '2016-02-02 01:53:15', 2, 'am', 59, 'paksimat', '2016-02-03 15:31:09', NULL, NULL, NULL),
(60, 516, '516 - 40գ', '1138 - 40գ', '', '', '', 'Դրոժ', '<p>Բարձրակարգ դրոժ նախատեսված հացերի և խմորեղենների համար</p>', 'Չինաստան', '', '', '50գ, 40գ', 'image_1454363668.jpg', '', '2016-02-02 01:54:28', 2, 'am', 60, 'drozh', '2016-02-03 15:32:17', NULL, NULL, NULL),
(61, 551, '551 - 30գ', '1146 - 25գ', '', '', '', 'Քիմիոն', '<p>Այս հրաշալի համեմունքը նախատեսված է մսային կերակրատեսակների համար</p>', 'Հայաստան', '', '', '30գ, 25գ', 'image_1454363708.jpg', '', '2016-02-02 01:55:08', 2, 'am', 61, 'kimion', '2016-02-03 15:34:18', NULL, NULL, NULL),
(62, 549, '549 - 30գ', '1135 - 25գ', '', '', '', 'Իմբիր', '<p>Օգտագործվում է ամենատարբեր ոլորտներում լիկյորների. մսային կերակուրների և թեյերի պատրաստման մեջ</p>', 'Չինաստան', '', '', '30գ, 25գ', 'image_1454363781.jpg', '', '2016-02-02 01:56:21', 2, 'am', 62, 'imbir', '2016-02-03 15:35:06', NULL, NULL, NULL),
(63, 550, '550 - 30գ', '1125 - 30գ', '', '', '', 'Չաման', '<p>Բարձրակարգ չամանի սերմերից է պատրաստված օգտագործվում է մսային և այլ կերակրատեսակների պատրաստման ժամանակ</p>', 'Հնդկաստան', '', '', '30գ', 'image_1454363825.jpg', '', '2016-02-02 01:57:05', 2, 'am', 63, 'chaman', '2016-02-03 15:36:08', NULL, NULL, NULL),
(64, 558, '', '', '', '', '', 'Սումախ', '<p>Բնական հումքից ստացված սումախը հաճելի թթվայնությամբ կապահովի ձեր աղցանները և մսային կերակրատեսակները</p>', 'Պարսկաստան', '', '', '30գ', 'image_1454363867.jpg', '', '2016-02-02 01:57:47', 2, 'am', 64, 'sowmakh', '2016-02-03 15:36:38', NULL, NULL, NULL),
(65, 568, '568 - 30գ', '1132 - 30գ', '', '', '', 'Համեմի սերմ', '<p>Համեմի սերմը իր հաճելի թարմ համը կհաղորդի աղցաններիև ապուրներին</p>', 'Հնդկաստան', '', '', '30գ', 'image_1454363905.jpg', '', '2016-02-02 01:58:25', 2, 'am', 65, 'hamemi-serm', '2016-02-03 16:34:25', NULL, NULL, NULL),
(66, 684, '684 - 30գ', '1134 - 20գ', '', '', '', 'Հիլ հատիկավոր', '<p>&nbsp;Յուրահատուկ համով համեմունք օգտագործում են մուրաբաներիի, թեյերի և սուրճի պատրաստման ժամանակ</p>', 'Գուաթեմալ', '', '', '30գ, 20գ', 'image_1454363997.jpg', '', '2016-02-02 01:59:57', 2, 'am', 66, 'hil-hatikavor', '2016-02-03 15:38:56', NULL, NULL, NULL),
(67, 657, '', '', '', '', '', 'Հիլ աղացած', '', 'Գուաթեմալ', '', '', '30գ', 'image_1454364034.jpg', '', '2016-02-02 02:00:34', 2, 'am', 67, 'hil-aghatsats', '2016-02-03 15:39:08', NULL, NULL, NULL),
(68, 587, '587 - 30գ', '1137 - 25գ', '', '', '', 'Խմելի-սունելի', '<p>Վրացական համեմունք օգտագործվում ՝է աղցանների և վրացական գրեթե բոլոր ճաշատեսակների մեջ</p>', 'Վրաստան', '', '', '30գ, 25գ', 'image_1454364071.jpg', '', '2016-02-02 02:01:11', 2, 'am', 68, 'khmeli-sowneli', '2016-02-03 15:39:36', NULL, NULL, NULL),
(69, 588, '588 - 30գ', '1143 - 10գ', '', '', '', 'Օրեգանո', '<p>Չորոցրած մանրացրած օրեգանո օգտագործվում է սոուսների պատրաստման ժամանակ</p>', 'Պարսկաստան', '', '', '30գ, 10գ', 'image_1454364102.jpg', '', '2016-02-02 02:01:42', 2, 'am', 69, 'oregano', '2016-02-03 16:28:10', NULL, NULL, NULL),
(70, 597, '597 - 30գ', '1136 - 25գ', '', '', '', 'Սունելի', '<p>Վրացական համեմունք օգտագործվում ՝է աղցանների և վրացական գրեթե բոլոր ճաշատեսակների մեջ</p>', 'Վրաստան', '', '', '30գ, 25գ', 'image_1454364143.jpg', '', '2016-02-02 02:02:24', 2, 'am', 70, 'sowneli', '2016-02-03 15:41:55', NULL, NULL, NULL),
(71, 615, '615 - 30գ', '1128 - 30գ', '', '', '', 'Քարրի', '<p>Քարրին 7-25 տեսակի համեմունքների խառնուրդ է որը աչքի է ընկնում միայն իրեն բնորոշ համով</p>', 'Հնդկաստան', '', '', '30գ', 'image_1454364226.jpg', '', '2016-02-02 02:03:46', 2, 'am', 71, 'karri', '2016-02-03 15:42:41', NULL, NULL, NULL),
(72, 617, '', '', '', '', '', 'Թանդուրի խառնուրդ', '<p>Արևելյան խոհանոցի յուրահատուկ համեմունք որը օգտագործվում է թոնրում խորովվող մսեղենի հետ</p>', 'ԱՄԷ', '', '', '30գ', 'image_1454364376.jpg', '', '2016-02-02 02:06:16', 2, 'am', 72, 'tandowri-kharhnowrd', '2016-02-03 15:43:05', NULL, NULL, NULL),
(73, 616, '', '', '', '', '', 'Քուրքումա', '', 'Հնդկաստան', '', '', '30գ', 'image_1454364412.jpg', '', '2016-02-02 02:06:52', 2, 'am', 73, 'kowrkowma', '2016-02-03 15:43:24', NULL, NULL, NULL),
(74, 632, '632 - 30գ', '1151 - 15գ', '', '', '', 'Ռեհան', '<p>Թորոցրած մանրացված ռեհանը յուրահատուկ համ է հաղորդում սոուսներին և ապուրնեին</p>', 'Հայաստան', '', '', '30գ, 15գ', 'image_1454364472.jpg', '', '2016-02-02 02:07:52', 2, 'am', 74, 'rhehan', '2016-02-03 15:46:12', NULL, NULL, NULL),
(75, 631, '631 - 15գ', '1157 - 15գ', '', '', '', 'ՈՒրց', '<p>Ուրցը օգտագործվում է ինչպես մսային այնպես էլ բանջարեղենային կերակուրների մեջ,անփոխարինելի &nbsp;է նաև թեյերի պատրաստման ժամանակ&nbsp;</p>', 'Հայաստան', '', '', '30գ, 15գ', 'image_1454364517.jpg', '', '2016-02-02 02:08:37', 2, 'am', 75, 'owrts', '2016-02-03 15:47:08', NULL, NULL, NULL),
(76, 642, '', '', '', '', '', 'Մշկընկույզ', '<p>Մշկընկույզը յուրահատուկ համ է հաղորդում մսին</p>', 'Հնդկաստան', '', '', '30գ', 'image_1454364553.jpg', '', '2016-02-02 02:09:13', 2, 'am', 76, 'mshkenkowyz', '2016-02-03 15:47:15', NULL, NULL, NULL),
(77, 743, '', '', '', '', '', 'Համեմ չորացրած', '<p>Չորացրած կանաչիների շարքը հարմար է օգտագործման համար այն կխնայի ձեր ժամանակը խոհանոցում</p>', 'Հայաստան', '', '', '30գ', 'image_1454364620.jpg', '', '2016-02-02 02:10:21', 2, 'am', 77, 'hamem-choratsrats', '2016-02-03 15:47:34', NULL, NULL, NULL),
(78, 742, '', '', '', '', '', 'Սամիթ  Չորացրած', '<p>Չորացրած կանաչիների շարքը հարմար է օգտագործման համար այն կխնայի ձեր ժամանակը խոհանոցում</p>', 'Հայաստան', '', '', '30գ', 'image_1454364660.jpg', '', '2016-02-02 02:11:00', 2, 'am', 78, 'samit-choratsrats', '2016-02-03 15:48:02', NULL, NULL, NULL),
(79, 741, '', '', '', '', '', 'Նանա չորացրած', '<p>Չորացրած կանաչիների շարքը հարմար է օգտագործման համար այն կխնայի ձեր ժամանակը խոհանոցում</p>', 'Հայաստան', '', '', '30գ', 'image_1454364703.jpg', '', '2016-02-02 02:11:43', 2, 'am', 79, 'nana-choratsrats', '2016-02-03 15:48:20', NULL, NULL, NULL),
(80, 747, '', '', '', '', '', 'Շաֆրան', '<p>Բարձրորոկ շաֆրանը ձեր տոնական ուտեստների կհաղորդի գեղեցիկ արքայական դեղին գույն և հաճելի համ</p>', 'Հնդկաստան', '', '', '30գ', 'image_1454364768.jpg', '', '2016-02-02 02:12:34', 2, 'am', 80, 'shafran', '2016-02-03 15:48:42', NULL, NULL, NULL),
(81, 770, '', '', '', '', '', 'Մաղադանոս', '<p>Չորացրած կանաչիների շարքը հարմար է օգտագործման համար այն կխնայի ձեր ժամանակը խոհանոցում</p>', 'Հայաստան', '', '', '30գ', 'image_1454364812.jpg', '', '2016-02-02 02:13:32', 2, 'am', 81, 'maghadanos', '2016-02-03 15:48:59', NULL, NULL, NULL),
(82, 866, '', '', '', '', '', '4 Համեմունքի խառնուրդ', '<p>Արաբական համեմունքների խառնուրդ</p>', 'ԱՄԷ', '', '', '30գ', 'image_1454364880.jpg', '', '2016-02-02 02:14:40', 2, 'am', 82, '4-hamemownki-kharhnowrd', '2016-02-03 15:49:16', NULL, NULL, NULL),
(83, 867, '', '', '', '', '', '7 Համեմունքի խառնուրդ ', '', 'ԱՄԷ', '', '', '30գ', 'image_1454364917.jpg', '', '2016-02-02 02:15:18', 2, 'am', 83, '7-hamemownki-kharhnowrd', '2016-02-03 15:49:43', NULL, NULL, NULL),
(84, 869, '', '', '', '', '', 'Չորացրած լիմոնի փոշի', '', 'ԱՄԷ', '', '', '30գ', NULL, '', '2016-02-02 02:17:10', 2, 'am', 84, 'choratsrats-limoni-poshi', '2016-02-03 15:50:10', NULL, NULL, NULL),
(85, 868, NULL, NULL, NULL, NULL, NULL, 'Մանանեխ', '<p>Օգտագործվում է մսային կերակրատեսակների և սոուսների պատրաստման մեջ ունի այրող կծու և հաճելի դառնահամ</p>', 'Հնդկաստան', '', '', '30', 'image_1454365081.jpg', '', '2016-02-02 02:18:02', NULL, 'am', 85, 'mananekh', '2016-02-02 02:18:02', NULL, NULL, NULL),
(86, 870, '', '', '', '', '', 'Անանուխ', '<p>Չորացրած անանուխի տերեվները օգտագործվում են ինչպես թեյերի այնպես էլ լիկյորների պատրաստման դեպքում</p>', 'Հնդկաստան', '', '', '30գ', 'image_1454365137.jpg', '', '2016-02-02 02:18:57', 2, 'am', 86, 'ananowkh', '2016-02-03 15:51:10', NULL, NULL, NULL),
(87, 911, '911 - 30գ', '1130 - 30գ', '', '', '', 'Ձկան մսի համեմունք', '<p>Համեմունքների նպատակային խառնուրդները պատրաստված հմուտ խոհարարի կողմից նախատեսված են յուրաքանչյու րը ըստ նպատակի, որոնք ոչ միայն հիանալի համ կհաղորդեն ձեր կերակուրներին այլև էականորեն կխնայեն ձեր ժամանակը</p>', 'Հայաստան', '', '', '30գ', 'image_1454365200.jpg', '', '2016-02-02 02:20:01', 2, 'am', 87, 'dzkan-msi-hamemownk', '2016-02-03 15:51:42', NULL, NULL, NULL),
(88, 912, '', '', '', '', '', 'Գառան մսի համեմունք', '<p>Համեմունքների նպատակային խառնուրդները պատրաստված հմուտ խոհարարի կողմից նախատեսված են յուրաքանչյու րը ըստ նպատակի</p>', 'Հայաստան', '', '', '30գ', 'image_1454365261.jpg', '', '2016-02-02 02:21:01', 2, 'am', 88, 'garhan-msi-hamemownk', '2016-02-03 15:53:09', NULL, NULL, NULL),
(89, 909, '909 - 30գ', '1139 - 35գ', '', '', '', 'Խորովածի համեմունք', '<p>Համեմունքների նպատակային խառնուրդները պատրաստված հմուտ խոհարարի կողմից նախատեսված են յուրաքանչյու րը ըստ նպատակի</p>', 'Հայաստան', '', '', '30գ, 35գ', 'image_1454365313.jpg', '', '2016-02-02 02:21:53', 2, 'am', 89, 'khorovatsi-hamemownk', '2016-02-03 15:53:03', NULL, NULL, NULL),
(90, 907, '907 - 30գ', '1140 - 35գ', '', '', '', 'Խոզի մսի համեմունք', '<p>Համեմունքների նպատակային խառնուրդները պատրաստված հմուտ խոհարարի կողմից նախատեսված են յուրաքանչյու րը ըստ նպատակի</p>', 'Հայաստան', '', '', '30գ, 35գ', 'image_1454365356.jpg', '', '2016-02-02 02:22:36', 2, 'am', 90, 'khozi-msi-hamemownk', '2016-02-03 15:57:00', NULL, NULL, NULL),
(91, 910, '', '', '', '', '', 'Քյաբաբի համեմունք', '<p>Համեմունքների նպատակային խառնուրդները պատրաստված հմուտ խոհարարի կողմից նախատեսված են յուրաքանչյու րը ըստ նպատակի</p>', 'Հայաստան', '', '', '30գ', 'image_1454365391.jpg', '', '2016-02-02 02:23:11', 2, 'am', 91, 'kyababi-hamemownk', '2016-02-03 15:57:08', NULL, NULL, NULL),
(92, 908, '', '', '', '', '', 'Տավարի մսի համեմունք', '<p>Համեմունքների նպատակային խառնուրդները պատրաստված հմուտ խոհարարի կողմից նախատեսված են յուրաքանչյու րը ըստ նպատակի</p>', 'Հայաստան', '', '', '30գ', 'image_1454365426.jpg', '', '2016-02-02 02:23:46', 2, 'am', 92, 'tavari-msi-hamemownk', '2016-02-03 15:57:49', NULL, NULL, NULL),
(93, 918, '918 - 30գ', '1133 - 35գ', '', '', '', 'Հավի մսի համեմունք', '<p>Համեմունքների նպատակային խառնուրդները պատրաստված հմուտ խոհարարի կողմից նախատեսված են յուրաքանչյու րը ըստ նպատակի</p>', 'Հայաստան', '', '', '30գ, 35գ', 'image_1454365487.jpg', '', '2016-02-02 02:24:48', 2, 'am', 93, 'havi-msi-hamemownk', '2016-02-03 15:58:40', NULL, NULL, NULL),
(94, 934, '', '', '', '', '', 'Ապուրի համեմունք', '<p>Համեմունքների նպատակային խառնուրդները պատրաստված հմուտ խոհարարի կողմից նախատեսված են յուրաքանչյու րը ըստ նպատակի</p>', 'Հայաստան', '', '', '30գ', 'image_1454365526.jpg', '', '2016-02-02 02:25:26', 2, 'am', 94, 'apowri-hamemownk', '2016-02-03 16:00:04', NULL, NULL, NULL),
(95, 933, '933 - 30գ', '1145 - 20գ', '', '', '', 'Փլավի համեմունք', '<p>Համեմունքների նպատակային խառնուրդները պատրաստված հմուտ խոհարարի կողմից նախատեսված են յուրաքանչյու րը ըստ նպատակի</p>', 'Հայաստան', '', '', '30գ, 20գ', 'image_1454365573.jpg', '', '2016-02-02 02:26:14', 2, 'am', 95, 'plavi-hamemownk', '2016-02-03 16:01:53', NULL, NULL, NULL),
(96, 935, '', '', '', '', '', 'Բորշչի համեմունք', '<p>Համեմունքների նպատակային խառնուրդները պատրաստված հմուտ խոհարարի կողմից նախատեսված են յուրաքանչյու րը ըստ նպատակի</p>', 'Հայաստան', '', '', '30գ', 'image_1454365634.jpg', '', '2016-02-02 02:27:14', 2, 'am', 96, 'borshchi-hamemownk', '2016-02-03 16:03:28', NULL, NULL, NULL),
(97, 936, '', '', '', '', '', 'Աղցանի համեմունք', '<p>Համեմունքների նպատակային խառնուրդները պատրաստված հմուտ խոհարարի կողմից նախատեսված են յուրաքանչյու րը ըստ նպատակի</p>', 'Հայաստան', '', '', '30գ', 'image_1454365670.jpg', '', '2016-02-02 02:27:50', 2, 'am', 97, 'aghtsani-hamemownk', '2016-02-03 16:03:33', NULL, NULL, NULL),
(98, 915, '', '', '', '', '', 'Լանգետի համեմունք', '<p>Համեմունքների նպատակային խառնուրդները պատրաստված հմուտ խոհարարի կողմից նախատեսված են յուրաքանչյու րը ըստ նպատակի</p>', 'Հայաստան', '', '', '30գ', 'image_1454365708.jpg', '', '2016-02-02 02:28:28', 2, 'am', 98, 'langeti-hamemownk', '2016-02-03 16:03:37', NULL, NULL, NULL),
(99, 916, '', '', '', '', '', 'Քյուֆթայի համեմունք', '<p>Համեմունքների նպատակային խառնուրդները պատրաստված հմուտ խոհարարի կողմից նախատեսված են յուրաքանչյու րը ըստ նպատակի</p>', 'Հայաստան', '', '', '30գ', 'image_1454365741.jpg', '', '2016-02-02 02:29:01', 2, 'am', 99, 'kyowftayi-hamemownk', '2016-02-03 16:03:42', NULL, NULL, NULL),
(100, 917, '', '', '', '', '', 'Կոտլետի համեմունք', '<p>Համեմունքների նպատակային խառնուրդները պատրաստված հմուտ խոհարարի կողմից նախատեսված են յուրաքանչյու րը ըստ նպատակի</p>', 'Հայաստան', '', '', '30գ', 'image_1454365794.jpg', '', '2016-02-02 02:29:54', 2, 'am', 100, 'kotleti-hamemownk', '2016-02-03 16:03:47', NULL, NULL, NULL),
(101, 931, '', '', '', '', '', 'Կանաչ սոխ', '', 'Հայաստան', '', '', '30գ', 'image_1454365873.jpg', '', '2016-02-02 02:31:13', 2, 'am', 101, 'kanach-sokh', '2016-02-03 16:03:51', NULL, NULL, NULL),
(102, 930, '', '', '', '', '', 'Կանաչիների խառնուրդ', '', 'Հայաստան', '', '', '30գ', 'image_1454365926.jpg', '', '2016-02-02 02:32:07', 2, 'am', 102, 'kanachineri-kharhnowrd', '2016-02-03 16:03:56', NULL, NULL, NULL),
(118, 1132, NULL, NULL, NULL, NULL, NULL, 'Հահեմի սերմ', '', 'Հնդկաստան', '', '', '30', 'image_1454366709.jpg', '', '2016-02-02 02:45:10', NULL, 'am', 118, 'hahemi-serm', '2016-02-02 02:45:10', NULL, NULL, NULL),
(140, 1154, '', '', '', '', '', 'Սոդա', '', 'Հայաստան', '', '', '120գ', NULL, '', '2016-02-02 03:02:05', 2, 'am', 140, 'soda', '2016-02-03 16:29:26', NULL, NULL, NULL),
(145, 475, '475 - 1կգ', '473 - 2կգ', '', '', '', 'Ալյուր', '', 'Հայաստան', '', '', '1կգ, 2կգ', NULL, '', '2016-02-02 03:05:14', 3, 'am', 145, 'alyowr', '2016-02-03 16:37:03', NULL, NULL, NULL),
(147, 967, NULL, NULL, NULL, NULL, NULL, 'Սուրճ Արաբիկա հիլով', '', 'Եթովպիա', '', '', '100', NULL, '', '2016-02-02 03:07:06', NULL, 'am', 147, 'sowrch-arabika-hilov', '2016-02-02 03:07:06', NULL, NULL, NULL),
(148, 968, NULL, NULL, NULL, NULL, NULL, 'Սուրճ Դարչնագույն Արաբիկա', '', 'Եթովպիա', '', '', '100', NULL, '', '2016-02-02 03:07:37', 4, 'am', 148, 'sowrch-darchnagowyn-arabika', '2016-02-02 03:07:52', NULL, NULL, NULL),
(149, 969, NULL, NULL, NULL, NULL, NULL, 'Սուրճ Դարչնագույն Արաբիկա և Ռոբուստա', '', 'Եթովպիա', '', '', '100', NULL, '', '2016-02-02 03:08:31', NULL, 'am', 149, 'sowrch-darchnagowyn-arabika-ew-rhobowsta', '2016-02-02 03:08:31', NULL, NULL, NULL),
(150, 970, NULL, NULL, NULL, NULL, NULL, 'Սուրճ Դարչնագույն Ռոբուստա', '', 'Եթովպիա', '', '', '100', NULL, '', '2016-02-02 03:08:59', NULL, 'am', 150, 'sowrch-darchnagowyn-rhobowsta', '2016-02-02 03:08:59', NULL, NULL, NULL),
(151, 971, NULL, NULL, NULL, NULL, NULL, 'Սուրճ Թունդ Արաբիկա', '', 'Եթովպիա', '', '', '100', NULL, '', '2016-02-02 03:09:29', NULL, 'am', 151, 'sowrch-townd-arabika', '2016-02-02 03:09:29', NULL, NULL, NULL),
(152, 972, NULL, NULL, NULL, NULL, NULL, 'Սուրճ Թունդ Արաբիկա և Ռոբուստա ', '', 'Եթովպիա', '', '', '100', NULL, '', '2016-02-02 03:09:58', NULL, 'am', 152, 'sowrch-townd-arabika-ew-rhobowsta', '2016-02-02 03:09:58', NULL, NULL, NULL),
(153, 978, NULL, NULL, NULL, NULL, NULL, 'Սուրճ Թունդ Ռոբուստա', '', 'Եթովպիա', '', '', '100', NULL, '', '2016-02-02 03:10:30', NULL, 'am', 153, 'sowrch-townd-rhobowsta', '2016-02-02 03:10:30', NULL, NULL, NULL),
(154, NULL, NULL, NULL, NULL, NULL, NULL, 'Սուրճ Արաբիկա N5', '', 'Եթովպիա', '', '', '100', NULL, '', '2016-02-02 03:10:55', NULL, 'am', 154, 'sowrch-arabika-n5', '2016-02-02 03:10:55', NULL, NULL, NULL),
(155, 1277, NULL, NULL, NULL, NULL, NULL, 'Սուրճ Արաբիկա և Ռոբուստա N3', '', 'Եթովպիա', '', '', '100', NULL, '', '2016-02-02 03:11:30', NULL, 'am', 155, 'sowrch-arabika-ew-rhobowsta-n3', '2016-02-02 03:11:30', NULL, NULL, NULL),
(156, 1276, NULL, NULL, NULL, NULL, NULL, 'Սուրճ Ռոբուստա N1', '', 'Եթովպիա', '', '', '100', NULL, '', '2016-02-02 03:12:02', NULL, 'am', 156, 'sowrch-rhobowsta-n1', '2016-02-02 03:12:02', NULL, NULL, NULL),
(157, 1022, NULL, NULL, NULL, NULL, NULL, 'PASTA ITALIA FEDERICE PENNE LISCE ', '', 'Իտալիա', '', '', '500', NULL, '', '2016-02-02 03:13:03', NULL, 'am', 157, 'pasta-italia-federice-penne-lisce', '2016-02-02 03:13:03', NULL, NULL, NULL),
(158, 1023, NULL, NULL, NULL, NULL, NULL, 'PASTA ITALIA FEDERICI BAVETTE ', '', 'Ինդոնեզիա', '', '', '500', NULL, '', '2016-02-02 03:13:28', NULL, 'am', 158, 'pasta-italia-federici-bavette', '2016-02-02 03:13:28', NULL, NULL, NULL),
(159, 1025, NULL, NULL, NULL, NULL, NULL, 'PASTA ITALIA FEDERICI PENNE RIGATE ', '', 'Իտալիա', '', '', '500', NULL, '', '2016-02-02 03:14:22', NULL, 'am', 159, 'pasta-italia-federici-penne-rigate', '2016-02-02 03:14:22', NULL, NULL, NULL),
(160, 1026, NULL, NULL, NULL, NULL, NULL, 'PASTA ITALIA FEDERICI SEMI DI MELONE ', '', 'Իտալիա', '', '', '500', NULL, '', '2016-02-02 03:15:00', NULL, 'am', 160, 'pasta-italia-federici-semi-di-melone', '2016-02-02 03:15:00', NULL, NULL, NULL),
(161, 1027, NULL, NULL, NULL, NULL, NULL, 'PASTA ITALIA FEDERICI SPAGHETTI ', '', 'Ինդոնեզիա', '', '', '500', NULL, '', '2016-02-02 03:15:25', NULL, 'am', 161, 'pasta-italia-federici-spaghetti', '2016-02-02 03:15:25', NULL, NULL, NULL),
(162, 1028, NULL, NULL, NULL, NULL, NULL, 'PASTA ITALIA LIGUORI CASARECCIA ', '', 'Իտալիա', '', '', '500', NULL, '', '2016-02-02 03:16:00', NULL, 'am', 162, 'pasta-italia-liguori-casareccia', '2016-02-02 03:16:00', NULL, NULL, NULL),
(163, 1029, NULL, NULL, NULL, NULL, NULL, 'PASTA ITALIA LIGUORI FARFALLE ', '', 'Իտալիա', '', '', '500', NULL, '', '2016-02-02 03:16:26', NULL, 'am', 163, 'pasta-italia-liguori-farfalle', '2016-02-02 03:16:26', NULL, NULL, NULL),
(164, 1030, NULL, NULL, NULL, NULL, NULL, 'PASTA ITALIA LIGUORI PENNE RIGATE ', '', 'Իտալիա', '', '', '500', NULL, '', '2016-02-02 03:16:56', NULL, 'am', 164, 'pasta-italia-liguori-penne-rigate', '2016-02-02 03:16:56', NULL, NULL, NULL),
(165, 1031, NULL, NULL, NULL, NULL, NULL, 'PASTA ITALIA LIGUORI SPAGETTI ', '', 'Իտալիա', '', '', '500', NULL, '', '2016-02-02 03:17:35', NULL, 'am', 165, 'pasta-italia-liguori-spagetti', '2016-02-02 03:17:35', NULL, NULL, NULL),
(166, 1032, NULL, NULL, NULL, NULL, NULL, 'PASTA ITALIA LIGUORI SPAGETTINI ', '', 'Իտալիա', '', '', '500', NULL, '', '2016-02-02 03:18:17', NULL, 'am', 166, 'pasta-italia-liguori-spagettini', '2016-02-02 03:18:17', NULL, NULL, NULL),
(167, 1033, NULL, NULL, NULL, NULL, NULL, 'PASTA ITALIA TERRA DEL SOLE PENNE ', '', 'Իտալիա', '', '', '500', NULL, '', '2016-02-02 03:18:41', NULL, 'am', 167, 'pasta-italia-terra-del-sole-penne', '2016-02-02 03:18:41', NULL, NULL, NULL),
(168, 1024, NULL, NULL, NULL, NULL, NULL, 'PASTA ITALIA FEDERICI FUSILLI ', '', 'Իտալիա', '', '', '500', NULL, '', '2016-02-02 03:19:08', NULL, 'am', 168, 'pasta-italia-federici-fusilli', '2016-02-02 03:19:09', NULL, NULL, NULL),
(169, 852, NULL, NULL, NULL, NULL, NULL, 'PASTA DIET PASTA ', '', 'Իտալիա', '', '', '430', NULL, '', '2016-02-02 03:19:36', NULL, 'am', 169, 'pasta-diet-pasta', '2016-02-02 03:19:36', NULL, NULL, NULL),
(170, 853, NULL, NULL, NULL, NULL, NULL, 'PASTA PENNE LISCE ', '', 'Իտալիա', '', '', '430', NULL, '', '2016-02-02 03:20:00', NULL, 'am', 170, 'pasta-penne-lisce', '2016-02-02 03:20:00', NULL, NULL, NULL),
(171, 854, NULL, NULL, NULL, NULL, NULL, 'PASTA PENNE RIGATE ', '', 'Իտալիա', '', '', '430', NULL, '', '2016-02-02 03:20:34', NULL, 'am', 171, 'pasta-penne-rigate', '2016-02-02 03:20:34', NULL, NULL, NULL),
(172, 855, NULL, NULL, NULL, NULL, NULL, 'PASTA PENNE RIGATE PREMIUM ', '', 'Իտալիա', '', '', '430', NULL, '', '2016-02-02 03:20:58', NULL, 'am', 172, 'pasta-penne-rigate-premium', '2016-02-02 03:20:58', NULL, NULL, NULL),
(173, 856, NULL, NULL, NULL, NULL, NULL, 'PASTA SEMI DI MELONE ', '', 'Իտալիա', '', '', '430', NULL, '', '2016-02-02 03:21:43', NULL, 'am', 173, 'pasta-semi-di-melone', '2016-02-02 03:21:43', NULL, NULL, NULL),
(174, 857, NULL, NULL, NULL, NULL, NULL, 'PASTA DITALI ', '', 'Իտալիա', '', '', '430', NULL, '', '2016-02-02 03:22:20', NULL, 'am', 174, 'pasta-ditali', '2016-02-02 03:22:20', NULL, NULL, NULL),
(175, 858, NULL, NULL, NULL, NULL, NULL, 'PASTA FARFALLE ', '', 'Իտալիա', '', '', '430', NULL, '', '2016-02-02 03:22:45', NULL, 'am', 175, 'pasta-farfalle', '2016-02-02 03:22:45', NULL, NULL, NULL),
(176, 859, NULL, NULL, NULL, NULL, NULL, 'PASTA FUSILLI ', '', 'Իտալիա', '', '', '430', NULL, '', '2016-02-02 03:23:12', NULL, 'am', 176, 'pasta-fusilli', '2016-02-02 03:23:12', NULL, NULL, NULL),
(177, 860, NULL, NULL, NULL, NULL, NULL, 'PASTA LUMACHINE ', '', 'Իտալիա', '', '', '430', NULL, '', '2016-02-02 03:23:39', NULL, 'am', 177, 'pasta-lumachine', '2016-02-02 03:23:39', NULL, NULL, NULL),
(178, 861, NULL, NULL, NULL, NULL, NULL, 'PASTA PASTA MISTA ', '', 'Իտալիա', '', '', '430', NULL, '', '2016-02-02 03:24:05', NULL, 'am', 178, 'pasta-pasta-mista', '2016-02-02 03:24:05', NULL, NULL, NULL),
(179, 862, NULL, NULL, NULL, NULL, NULL, 'PASTA VERMICELLI ', '', 'Իտալիա', '', '', '430', NULL, '', '2016-02-02 03:25:25', NULL, 'am', 179, 'pasta-vermicelli', '2016-02-02 03:25:25', NULL, NULL, NULL),
(180, 863, NULL, NULL, NULL, NULL, NULL, 'PASTA VERMICELLI PREMIUM ', '', 'Իտալիա', '', '', '430', NULL, '', '2016-02-02 03:25:57', NULL, 'am', 180, 'pasta-vermicelli-premium', '2016-02-02 03:25:57', NULL, NULL, NULL),
(181, 865, NULL, NULL, NULL, NULL, NULL, 'PASTA CASARECCIA  ', '', 'Իտալիա', '', '', '430', NULL, '', '2016-02-02 03:26:28', NULL, 'am', 181, 'pasta-casareccia', '2016-02-02 03:26:28', NULL, NULL, NULL),
(182, 871, NULL, NULL, NULL, NULL, NULL, 'PASTA SPAGHETTI ', '', 'Իտալիա', '', '', '500', NULL, '', '2016-02-02 03:26:55', 6, 'am', 182, 'pasta-spaghetti', '2016-02-02 03:27:10', NULL, NULL, NULL),
(183, 872, NULL, NULL, NULL, NULL, NULL, 'PASTA SPAGHETTINI ', '', 'Իտալիա', '', '', '500', NULL, '', '2016-02-02 03:27:39', NULL, 'am', 183, 'pasta-spaghettini', '2016-02-02 03:27:39', NULL, NULL, NULL),
(184, 873, NULL, NULL, NULL, NULL, NULL, 'PASTA SPAGHETTI PREMIUM ', '', 'Իտալիա', '', '', '500', NULL, '', '2016-02-02 03:28:07', NULL, 'am', 184, 'pasta-spaghetti-premium', '2016-02-02 03:28:07', NULL, NULL, NULL),
(185, 874, NULL, NULL, NULL, NULL, NULL, 'PASTA LINGUINE ', '', 'Իտալիա', '', '', '500', NULL, '', '2016-02-02 03:28:33', NULL, 'am', 185, 'pasta-linguine', '2016-02-02 03:28:33', NULL, NULL, NULL),
(186, NULL, NULL, NULL, NULL, NULL, NULL, 'Նուշ', '', '', '', '', '30', NULL, '', '2016-02-02 03:29:05', NULL, 'am', 186, 'nowsh', '2016-02-02 03:29:05', NULL, NULL, NULL),
(187, NULL, NULL, NULL, NULL, NULL, NULL, 'Դդմի կորիզ', '', '', '', '', '40', NULL, '', '2016-02-02 03:29:26', NULL, 'am', 187, 'ddmi-koriz', '2016-02-02 03:29:26', NULL, NULL, NULL),
(188, NULL, NULL, NULL, NULL, NULL, NULL, 'Պիստակ աղի', '', '', '', '', '30', NULL, '', '2016-02-02 03:29:47', 5, 'am', 188, 'acei3i-3oc', '2016-02-02 03:30:22', NULL, NULL, NULL),
(189, NULL, NULL, NULL, NULL, NULL, NULL, 'Գետնանուշ աղի', '', '', '', '', '40', NULL, '', '2016-02-02 03:31:07', NULL, 'am', 189, 'getnanowsh-aghi', '2016-02-02 03:31:07', NULL, NULL, NULL),
(190, NULL, NULL, NULL, NULL, NULL, NULL, 'Գետնանուշ անալի', '', '', '', '', '40', NULL, '', '2016-02-02 03:31:29', NULL, 'am', 190, 'getnanowsh-anali', '2016-02-02 03:31:29', NULL, NULL, NULL),
(191, NULL, NULL, NULL, NULL, NULL, NULL, 'Հնդկական ընկույզ', '', '', '', '', '30', NULL, '', '2016-02-02 03:32:16', NULL, 'am', 191, 'hndkakan-enkowyz', '2016-02-02 03:32:16', NULL, NULL, NULL),
(192, 362, '', '', '', NULL, NULL, 'Բրինձ շոգեհարած (դեղին)', '<p>Հատուկ տեխնոլոգիաներով մշակված և շոգեհարված բրինձ նախատեսված է փլավնրի համար&nbsp;</p>', 'Թայլանդ', '', '', '0.5կգ', NULL, '', '2016-02-03 14:11:08', NULL, 'am', 192, 'brindz-shogeharats-deghin', '2016-02-03 14:11:08', NULL, NULL, NULL),
(193, 419, '', '', '', NULL, NULL, 'Բրինձ դարչնագույն', '', 'Թայլանդ', '', '', '0.5կգ', NULL, '', '2016-02-03 14:20:12', NULL, 'am', 193, 'brindz-darchnagowyn', '2016-02-03 14:20:12', NULL, NULL, NULL),
(194, 371, '', '', '', NULL, NULL, 'Ոսպ կարմիր', '<p>կարմիր ոսպը դիետիկ սնունդ է նախատեսված մանկական սննդի համար</p>', 'Կանադա', '', '', '0.5կգ', NULL, '', '2016-02-03 14:23:41', NULL, 'am', 194, 'osp-karmir', '2016-02-03 14:23:41', NULL, NULL, NULL),
(195, 312, '312 - 0.5կգ', '311 - 1կգ', '', NULL, NULL, 'Հնդկաձավար', '<p>Բարձրորակ հնդկացորեն նախատեսված փլավներ և խավարտի համար</p>', '0.5	ՈՒկրաինա', '', '', '0.5կգ, 1կգ', 'image_1454495238.jpg', '', '2016-02-03 14:27:18', 1, 'am', 195, 'hndkadzavar', '2016-02-03 14:27:28', NULL, NULL, NULL),
(196, 347, '', '', '', NULL, NULL, 'Բլղուր մանր', '<p>Հարմար է օգտագործել իշլի քյուֆթայի և թաբուլեի պատրաստման ժամանակ</p>', '', '', '', '0.5կգ', 'image_1454495583.jpg', '', '2016-02-03 14:33:03', NULL, 'am', 196, 'blghowr-manr', '2016-02-03 14:33:04', NULL, NULL, NULL),
(197, 333, '333 - 0.5կգ', '334 - 1կգ', '', NULL, NULL, 'Կոտրած ոլոռ', '<p>Հղկման և փայլեցման նորագույն տեխնոլոգիաներով անցած հատիկները ունեն գերազանց ապրանքային տեսք և բարձր համային հատկանիշներով</p>', 'Կանադա', '', '', '0.5կգ, 1կգ', NULL, '', '2016-02-03 14:35:26', NULL, 'am', 197, 'kotrats-olorh', '2016-02-03 14:35:26', NULL, NULL, NULL);

-- --------------------------------------------------------

--
-- Структура таблицы `ingredients_cat`
--

CREATE TABLE IF NOT EXISTS `ingredients_cat` (
  `id` int(11) NOT NULL AUTO_INCREMENT,
  `slug` varchar(250) NOT NULL,
  `title` varchar(250) CHARACTER SET armscii8 NOT NULL,
  `lang` varchar(250) CHARACTER SET armscii8 DEFAULT NULL,
  `paret_id` int(11) NOT NULL,
  `img` varchar(50) CHARACTER SET armscii8 DEFAULT NULL,
  `description` text CHARACTER SET armscii8,
  `forlang_id` int(11) NOT NULL,
  `seo_title` varchar(250) DEFAULT NULL,
  `seo_keywords` varchar(250) DEFAULT NULL,
  `seo_description` varchar(250) DEFAULT NULL,
  PRIMARY KEY (`id`)
) ENGINE=InnoDB  DEFAULT CHARSET=latin1 AUTO_INCREMENT=19 ;

--
-- Дамп данных таблицы `ingredients_cat`
--

INSERT INTO `ingredients_cat` (`id`, `slug`, `title`, `lang`, `paret_id`, `img`, `description`, `forlang_id`, `seo_title`, `seo_keywords`, `seo_description`) VALUES
(1, 'dzavareghen', 'Ձավարեղեն', 'am', 0, '', '', 1, NULL, NULL, NULL),
(2, 'hamemownk', 'Համեմունք ', 'am', 0, '', '', 2, NULL, NULL, NULL),
(3, 'alyowr', 'Ալյուր', 'am', 0, '', '', 3, NULL, NULL, NULL),
(4, 'sowrch', 'Սուրճ', 'am', 0, '', '', 4, NULL, NULL, NULL),
(5, 'chir-charazeghen', 'Չիր-չարազեղեն', 'am', 0, '', '', 5, NULL, NULL, NULL),
(6, 'makaroneghen', 'Մակարոնեղեն', 'am', 0, '', '', 6, NULL, NULL, NULL),
(7, '', '', 'en', 0, NULL, NULL, 1, NULL, NULL, NULL),
(8, '', '', 'ru', 0, NULL, NULL, 1, NULL, NULL, NULL),
(9, '', '', 'en', 0, NULL, NULL, 2, NULL, NULL, NULL),
(10, '', '', 'ru', 0, NULL, NULL, 2, NULL, NULL, NULL),
(11, '', '', 'en', 0, NULL, NULL, 3, NULL, NULL, NULL),
(12, '', '', 'ru', 0, NULL, NULL, 3, NULL, NULL, NULL),
(13, '', '', 'en', 0, NULL, NULL, 4, NULL, NULL, NULL),
(14, '', '', 'ru', 0, NULL, NULL, 4, NULL, NULL, NULL),
(15, '', '', 'en', 0, NULL, NULL, 5, NULL, NULL, NULL),
(16, '', '', 'ru', 0, NULL, NULL, 5, NULL, NULL, NULL),
(17, '', '', 'en', 0, NULL, NULL, 6, NULL, NULL, NULL),
(18, '', '', 'ru', 0, NULL, NULL, 6, NULL, NULL, NULL);

-- --------------------------------------------------------

--
-- Структура таблицы `ingredients_rel`
--

CREATE TABLE IF NOT EXISTS `ingredients_rel` (
  `id` int(11) NOT NULL AUTO_INCREMENT,
  `cat_id` int(11) NOT NULL,
  `item_id` int(11) NOT NULL,
  PRIMARY KEY (`id`)
) ENGINE=InnoDB  DEFAULT CHARSET=utf8 AUTO_INCREMENT=389 ;

--
-- Дамп данных таблицы `ingredients_rel`
--

INSERT INTO `ingredients_rel` (`id`, `cat_id`, `item_id`) VALUES
(2, 1, 2),
(10, 1, 2),
(19, 1, 2),
(20, 1, 4),
(25, 1, 2),
(28, 1, 2),
(33, 1, 2),
(35, 1, 4),
(40, 1, 8),
(45, 1, 2),
(47, 1, 4),
(50, 1, 6),
(52, 1, 8),
(57, 1, 13),
(59, 1, 15),
(61, 1, 17),
(63, 1, 19),
(65, 1, 21),
(69, 1, 25),
(77, 1, 33),
(83, 2, 39),
(84, 2, 40),
(87, 2, 43),
(130, 2, 85),
(149, 2, 103),
(150, 2, 104),
(151, 2, 105),
(152, 2, 106),
(153, 2, 107),
(154, 2, 108),
(155, 2, 109),
(156, 2, 110),
(157, 2, 111),
(158, 2, 112),
(159, 2, 113),
(160, 2, 114),
(161, 2, 115),
(162, 2, 116),
(163, 2, 117),
(164, 2, 118),
(165, 2, 119),
(166, 2, 120),
(167, 2, 121),
(168, 2, 122),
(169, 2, 123),
(170, 2, 124),
(171, 2, 125),
(172, 2, 126),
(173, 2, 127),
(174, 2, 128),
(175, 2, 129),
(176, 2, 130),
(177, 2, 131),
(178, 2, 132),
(179, 2, 133),
(180, 2, 134),
(181, 2, 135),
(182, 2, 136),
(183, 2, 137),
(184, 2, 138),
(185, 2, 139),
(187, 2, 141),
(188, 2, 142),
(189, 2, 143),
(190, 2, 144),
(192, 3, 146),
(193, 4, 147),
(196, 4, 148),
(197, 4, 149),
(198, 4, 150),
(199, 4, 151),
(200, 4, 152),
(201, 4, 153),
(202, 4, 154),
(203, 4, 155),
(204, 4, 156),
(205, 6, 157),
(206, 6, 158),
(207, 6, 159),
(208, 6, 160),
(209, 6, 161),
(210, 6, 162),
(211, 6, 163),
(212, 6, 164),
(213, 6, 165),
(214, 6, 166),
(215, 6, 167),
(216, 6, 168),
(217, 6, 169),
(218, 6, 170),
(219, 6, 171),
(220, 6, 172),
(221, 6, 173),
(222, 6, 174),
(223, 6, 175),
(224, 6, 176),
(225, 6, 177),
(226, 6, 178),
(227, 6, 179),
(228, 6, 180),
(229, 6, 181),
(231, 6, 182),
(232, 6, 183),
(233, 6, 184),
(234, 6, 185),
(235, 5, 186),
(236, 5, 187),
(238, 5, 188),
(239, 5, 189),
(240, 5, 190),
(241, 5, 191),
(243, 1, 1),
(244, 1, 192),
(247, 1, 5),
(248, 1, 7),
(249, 1, 9),
(250, 1, 10),
(251, 1, 11),
(252, 1, 12),
(253, 1, 193),
(255, 1, 14),
(256, 1, 194),
(258, 1, 195),
(259, 1, 16),
(261, 1, 18),
(262, 1, 196),
(263, 1, 197),
(265, 1, 23),
(266, 1, 22),
(267, 1, 20),
(269, 1, 26),
(270, 1, 27),
(271, 1, 28),
(273, 1, 29),
(274, 1, 30),
(275, 1, 31),
(276, 1, 32),
(277, 1, 34),
(280, 2, 35),
(281, 2, 36),
(283, 2, 41),
(285, 2, 44),
(286, 2, 45),
(287, 2, 42),
(289, 2, 46),
(290, 2, 47),
(292, 2, 48),
(294, 2, 49),
(295, 2, 50),
(297, 2, 51),
(300, 2, 52),
(301, 2, 53),
(304, 2, 54),
(306, 2, 55),
(307, 2, 56),
(308, 2, 57),
(311, 2, 58),
(312, 2, 59),
(313, 2, 60),
(315, 2, 61),
(317, 2, 62),
(319, 2, 63),
(321, 2, 64),
(324, 2, 66),
(325, 2, 67),
(326, 2, 68),
(329, 2, 70),
(331, 2, 71),
(332, 2, 72),
(333, 2, 73),
(336, 2, 74),
(338, 2, 75),
(339, 2, 76),
(340, 2, 77),
(341, 2, 78),
(343, 2, 79),
(344, 2, 80),
(345, 2, 81),
(346, 2, 82),
(347, 2, 83),
(348, 2, 84),
(350, 2, 86),
(351, 2, 87),
(352, 2, 89),
(353, 2, 88),
(355, 2, 90),
(356, 2, 91),
(358, 2, 92),
(359, 2, 93),
(360, 2, 94),
(362, 2, 95),
(363, 2, 96),
(364, 2, 97),
(365, 2, 98),
(366, 2, 99),
(367, 2, 100),
(368, 2, 101),
(369, 2, 102),
(372, 2, 37),
(373, 2, 38),
(375, 2, 69),
(376, 2, 140),
(378, 2, 65),
(379, 3, 145),
(385, 1, 24),
(388, 1, 3);

-- --------------------------------------------------------

--
-- Структура таблицы `lang`
--

CREATE TABLE IF NOT EXISTS `lang` (
  `id` int(11) NOT NULL AUTO_INCREMENT,
  `url` varchar(255) NOT NULL,
  `local` varchar(255) NOT NULL,
  `name` varchar(255) NOT NULL,
  `default` smallint(6) NOT NULL DEFAULT '0',
  `date_update` int(11) NOT NULL,
  `date_create` int(11) NOT NULL,
  PRIMARY KEY (`id`)
) ENGINE=InnoDB  DEFAULT CHARSET=utf8 AUTO_INCREMENT=4 ;

--
-- Дамп данных таблицы `lang`
--

INSERT INTO `lang` (`id`, `url`, `local`, `name`, `default`, `date_update`, `date_create`) VALUES
(1, 'en', 'en-EN', 'Eng', 0, 1453201865, 1430754453),
(2, 'ru', 'ru-RU', 'Rus', 0, 1453201885, 1430754453),
(3, 'am', 'am-AM', 'Arm', 1, 1453201898, 1430901563);

-- --------------------------------------------------------

--
-- Структура таблицы `migration`
--

CREATE TABLE IF NOT EXISTS `migration` (
  `version` varchar(180) NOT NULL,
  `apply_time` int(11) DEFAULT NULL,
  PRIMARY KEY (`version`)
) ENGINE=InnoDB DEFAULT CHARSET=latin1;

--
-- Дамп данных таблицы `migration`
--

INSERT INTO `migration` (`version`, `apply_time`) VALUES
('m000000_000000_base', 1433340074),
('m130524_201442_init', 1433340078);

-- --------------------------------------------------------

--
-- Структура таблицы `posts`
--

CREATE TABLE IF NOT EXISTS `posts` (
  `id` int(11) NOT NULL AUTO_INCREMENT,
  `title` varchar(250) DEFAULT NULL,
  `description` text,
  `img` varchar(50) DEFAULT NULL,
  `created_at` varchar(50) DEFAULT NULL,
  `cat_id` int(11) DEFAULT NULL,
  `lang` varchar(10) NOT NULL,
  `parrent_id` int(11) DEFAULT NULL,
  `slug` varchar(250) DEFAULT NULL,
  `updated_at` varchar(50) DEFAULT NULL,
  PRIMARY KEY (`id`)
) ENGINE=InnoDB  DEFAULT CHARSET=latin1 AUTO_INCREMENT=16 ;

--
-- Дамп данных таблицы `posts`
--

INSERT INTO `posts` (`id`, `title`, `description`, `img`, `created_at`, `cat_id`, `lang`, `parrent_id`, `slug`, `updated_at`) VALUES
(4, 'News-1-am', '<div class="lc">\r\n<p><strong>Lorem Ipsum</strong> is simply dummy text of the printing and typesetting industry. Lorem Ipsum has been the industry''s standard dummy text ever since the 1500s, when an unknown printer took a galley of type and scrambled it to make a type specimen book. It has survived not only five centuries, but also the leap into electronic typesetting, remaining essentially unchanged. It was popularised in the 1960s with the release of Letraset sheets containing Lorem Ipsum passages, and more recently with desktop publishing software like Aldus PageMaker including versions of Lorem Ipsum.</p>\r\n</div>\r\n<div class="rc">&nbsp;</div>', 'image_1453810614.jpg', '2016-01-26 15:00:20', NULL, 'am', 4, 'news-1-am', '2016-01-26 16:16:54'),
(5, 'News-1-en', '<div>\r\n<div class="rc">\r\n<p>It is a long established fact that a reader will be distracted by the readable content of a page when looking at its layout. The point of using Lorem Ipsum is that it has a more-or-less normal distribution of letters, as opposed to using ''Content here, content here'', making it look like readable English. Many desktop publishing packages and web page editors now use Lorem Ipsum as their default model text, and a search for ''lorem ipsum'' will uncover many web sites still in their infancy. Various versions have evolved over the years, sometimes by accident, sometimes on purpose (injected humour and the like).</p>\r\n</div>\r\n</div>\r\n<p>&nbsp;</p>', 'image_1453810614.jpg', '2016-01-26 15:00:20', NULL, 'en', 4, 'news-1-en', '2016-01-26 15:01:19'),
(6, 'News-1-ru', '<p>Contrary to popular belief, Lorem Ipsum is not simply random text. It has roots in a piece of classical Latin literature from 45 BC, making it over 2000 years old. Richard McClintock, a Latin professor at Hampden-Sydney College in Virginia, looked up one of the more obscure Latin words, consectetur, from a Lorem Ipsum passage, and going through the cites of the word in classical literature, discovered the undoubtable source. Lorem Ipsum comes from sections 1.10.32 and 1.10.33 of "de Finibus Bonorum et Malorum" (The Extremes of Good and Evil) by Cicero, written in 45 BC. This book is a treatise on the theory of ethics, very popular during the Renaissance. The first line of Lorem Ipsum, "Lorem ipsum dolor sit amet..", comes from a line in section 1.10.32.</p>\r\n<p>&nbsp;</p>', 'image_1453810614.jpg', '2016-01-26 15:00:20', NULL, 'ru', 4, 'news-1-ru', '2016-01-26 15:03:19'),
(7, 'News-2-am', '<p>There are many variations of passages of Lorem Ipsum available, but the majority have suffered alteration in some form, by injected humour, or randomised words which don''t look even slightly believable. If you are going to use a passage of Lorem Ipsum, you need to be sure there isn''t anything embarrassing hidden in the middle of text. All the Lorem Ipsum generators on the Internet tend to repeat predefined chunks as necessary, making this the first true generator on the Internet. It uses a dictionary of over 200 Latin words, combined with a handful of model sentence structures, to generate Lorem Ipsum which looks reasonable. The generated Lorem Ipsum is therefore always free from repetition, injected humour, or non-characteristic words etc.</p>\r\n<p>&nbsp;</p>', 'image_1453810602.jpg', '2016-01-26 15:09:41', NULL, 'am', 7, 'news-2-am', '2016-01-26 16:16:42'),
(8, 'News-2-en', '<p>"Sed ut perspiciatis unde omnis iste natus error sit voluptatem accusantium doloremque laudantium, totam rem aperiam, eaque ipsa quae ab illo inventore veritatis et quasi architecto beatae vitae dicta sunt explicabo. Nemo enim ipsam voluptatem quia voluptas sit aspernatur aut odit aut fugit, sed quia consequuntur magni dolores eos qui ratione voluptatem sequi nesciunt. Neque porro quisquam est, qui dolorem ipsum quia dolor sit amet, consectetur, adipisci velit, sed quia non numquam eius modi tempora incidunt ut labore et dolore magnam aliquam quaerat voluptatem. Ut enim ad minima veniam, quis nostrum exercitationem ullam corporis suscipit laboriosam, nisi ut aliquid ex ea commodi consequatur? Quis autem vel eum iure reprehenderit qui in ea voluptate velit esse quam nihil molestiae consequatur, vel illum qui dolorem eum fugiat quo voluptas nulla pariatur?"</p>\r\n<p>&nbsp;</p>', 'image_1453810602.jpg', '2016-01-26 15:09:41', NULL, 'en', 7, 'news-2-en', '2016-01-26 15:09:59'),
(9, 'news-3-ru', '<p>"But I must explain to you how all this mistaken idea of denouncing pleasure and praising pain was born and I will give you a complete account of the system, and expound the actual teachings of the great explorer of the truth, the master-builder of human happiness. No one rejects, dislikes, or avoids pleasure itself, because it is pleasure, but because those who do not know how to pursue pleasure rationally encounter consequences that are extremely painful. Nor again is there anyone who loves or pursues or desires to obtain pain of itself, because it is pain, but because occasionally circumstances occur in which toil and pain can procure him some great pleasure. To take a trivial example, which of us ever undertakes laborious physical exercise, except to obtain some advantage from it? But who has any right to find fault with a man who chooses to enjoy a pleasure that has no annoying consequences, or one who avoids a pain that produces no resultant pleasure?"</p>\r\n<p>&nbsp;</p>', 'image_1453810602.jpg', '2016-01-26 15:09:41', NULL, 'ru', 7, 'news-2-ru', '2016-01-26 15:11:52'),
(10, 'News-3-am', '<div>\r\n<div class="rc">\r\n<p>It is a long established fact that a reader will be distracted by the readable content of a page when looking at its layout. The point of using Lorem Ipsum is that it has a more-or-less normal distribution of letters, as opposed to using ''Content here, content here'', making it look like readable English. Many desktop publishing packages and web page editors now use Lorem Ipsum as their default model text, and a search for ''lorem ipsum'' will uncover many web sites still in their infancy. Various versions have evolved over the years, sometimes by accident, sometimes on purpose (injected humour and the like).</p>\r\n</div>\r\n</div>\r\n<p>&nbsp;</p>', 'image_1453810720.jpg', '2016-01-26 15:10:42', NULL, 'am', 10, 'news-3-am', '2016-01-26 16:18:40'),
(11, 'News-3-en', '<p>Contrary to popular belief, Lorem Ipsum is not simply random text. It has roots in a piece of classical Latin literature from 45 BC, making it over 2000 years old. Richard McClintock, a Latin professor at Hampden-Sydney College in Virginia, looked up one of the more obscure Latin words, consectetur, from a Lorem Ipsum passage, and going through the cites of the word in classical literature, discovered the undoubtable source. Lorem Ipsum comes from sections 1.10.32 and 1.10.33 of "de Finibus Bonorum et Malorum" (The Extremes of Good and Evil) by Cicero, written in 45 BC. This book is a treatise on the theory of ethics, very popular during the Renaissance. The first line of Lorem Ipsum, "Lorem ipsum dolor sit amet..", comes from a line in section 1.10.32.</p>\r\n<p>&nbsp;</p>', 'image_1453810720.jpg', '2016-01-26 15:10:42', NULL, 'en', 10, 'news-3-en', '2016-01-26 15:11:01'),
(12, 'News-3-ru', '<p>There are many variations of passages of Lorem Ipsum available, but the majority have suffered alteration in some form, by injected humour, or randomised words which don''t look even slightly believable. If you are going to use a passage of Lorem Ipsum, you need to be sure there isn''t anything embarrassing hidden in the middle of text. All the Lorem Ipsum generators on the Internet tend to repeat predefined chunks as necessary, making this the first true generator on the Internet. It uses a dictionary of over 200 Latin words, combined with a handful of model sentence structures, to generate Lorem Ipsum which looks reasonable. The generated Lorem Ipsum is therefore always free from repetition, injected humour, or non-characteristic words etc.</p>\r\n<p>&nbsp;</p>', 'image_1453810720.jpg', '2016-01-26 15:10:42', NULL, 'ru', 10, 'news-3-ru', '2016-01-26 15:12:03'),
(13, 'News-4-am', '<p>"At vero eos et accusamus et iusto odio dignissimos ducimus qui blanditiis praesentium voluptatum deleniti atque corrupti quos dolores et quas molestias excepturi sint occaecati cupiditate non provident, similique sunt in culpa qui officia deserunt mollitia animi, id est laborum et dolorum fuga. Et harum quidem rerum facilis est et expedita distinctio. Nam libero tempore, cum soluta nobis est eligendi optio cumque nihil impedit quo minus id quod maxime placeat facere possimus, omnis voluptas assumenda est, omnis dolor repellendus. Temporibus autem quibusdam et aut officiis debitis aut rerum necessitatibus saepe eveniet ut et voluptates repudiandae sint et molestiae non recusandae. Itaque earum rerum hic tenetur a sapiente delectus, ut aut reiciendis voluptatibus maiores alias consequatur aut perferendis doloribus asperiores repellat."</p>\r\n<p>&nbsp;</p>', 'image_1453810729.jpg', '2016-01-26 15:12:23', NULL, 'am', 13, 'news-4-am', '2016-01-26 16:18:49'),
(14, 'News-4-en', '<div class="box">\r\n<p>"On the other hand, we denounce with righteous indignation and dislike men who are so beguiled and demoralized by the charms of pleasure of the moment, so blinded by desire, that they cannot foresee the pain and trouble that are bound to ensue; and equal blame belongs to those who fail in their duty through weakness of will, which is the same as saying through shrinking from toil and pain. These cases are perfectly simple and easy to distinguish. In a free hour, when our power of choice is untrammelled and when nothing prevents our being able to do what we like best, every pleasure is to be welcomed and every pain avoided. But in certain circumstances and owing to the claims of duty or the obligations of business it will frequently occur that pleasures have to be repudiated and annoyances accepted. The wise man therefore always holds in these matters to this principle of selection: he rejects pleasures to secure other greater pleasures, or else he endures pains to avoid worse pains."</p>\r\n</div>\r\n<p>&nbsp;</p>', 'image_1453810729.jpg', '2016-01-26 15:12:23', NULL, 'en', 13, 'news-4-en', '2016-01-26 15:12:39'),
(15, 'News-4-ru', '<p>"Sed ut perspiciatis unde omnis iste natus error sit voluptatem accusantium doloremque laudantium, totam rem aperiam, eaque ipsa quae ab illo inventore veritatis et quasi architecto beatae vitae dicta sunt explicabo. Nemo enim ipsam voluptatem quia voluptas sit aspernatur aut odit aut fugit, sed quia consequuntur magni dolores eos qui ratione voluptatem sequi nesciunt. Neque porro quisquam est, qui dolorem ipsum quia dolor sit amet, consectetur, adipisci velit, sed quia non numquam eius modi tempora incidunt ut labore et dolore magnam aliquam quaerat voluptatem. Ut enim ad minima veniam, quis nostrum exercitationem ullam corporis suscipit laboriosam, nisi ut aliquid ex ea commodi consequatur? Quis autem vel eum iure reprehenderit qui in ea voluptate velit esse quam nihil molestiae consequatur, vel illum qui dolorem eum fugiat quo voluptas nulla pariatur?"</p>\r\n<p>&nbsp;</p>', 'image_1453810729.jpg', '2016-01-26 15:12:23', NULL, 'ru', 13, 'news-4-ru', '2016-01-26 15:12:55');

-- --------------------------------------------------------

--
-- Структура таблицы `recipe`
--

CREATE TABLE IF NOT EXISTS `recipe` (
  `id` int(11) NOT NULL AUTO_INCREMENT,
  `title` varchar(250) CHARACTER SET utf8 DEFAULT NULL,
  `description` text CHARACTER SET utf8,
  `img` varchar(50) DEFAULT NULL,
  `video` varchar(150) NOT NULL,
  `created_at` varchar(50) DEFAULT NULL,
  `cat_id` int(11) DEFAULT NULL,
  `lang` varchar(10) NOT NULL,
  `parrent_id` int(11) DEFAULT NULL,
  `slug` varchar(250) DEFAULT NULL,
  `updated_at` varchar(50) DEFAULT NULL,
  `seo_title` varchar(250) DEFAULT NULL,
  `seo_keywords` varchar(250) DEFAULT NULL,
  `seo_description` varchar(250) DEFAULT NULL,
  PRIMARY KEY (`id`),
  KEY `parrent_id` (`parrent_id`)
) ENGINE=InnoDB  DEFAULT CHARSET=latin1 AUTO_INCREMENT=52 ;

--
-- Дамп данных таблицы `recipe`
--

INSERT INTO `recipe` (`id`, `title`, `description`, `img`, `video`, `created_at`, `cat_id`, `lang`, `parrent_id`, `slug`, `updated_at`, `seo_title`, `seo_keywords`, `seo_description`) VALUES
(1, 'Ձկան պիրոգ բրնձով', '<p>1. Ջեռոցը տաքացնել մինչեւ 180 C: Ամանի հատակին եւ պատերին բուսական յուղ քսել:<br />2. Եթե օգտագործում եք թարմ ձուկ, ապա եփեք այն եռացող ջրի մեջ դափնու տերեւներով, աղով եւ պղպեղով, 7-9 րոպեկափարիչի տակ: Այնուհետեւ հանեք ջրից, սառեցրեք, հեռացրեք ոսկորները եւ բաժանեք մանր կտորների: Եթե օգտագործում եք պահածոյացված ձուկ, պարզապես թափել ջուրը կամ յուղը:<br />3. Միջուկի համար ձուն եփել եւ կտրատել: Կանաչ սոխը մանր կտրատել:<br />4. ,ՄԱՌԱՆԻԿե բրինձը լցնել 2 բաժակ եռացող ջրի մեջ, ավելացնել աղ, եռացնել, ապա կրակը իջեցնել, ծածկել կափարիչով եւ եփել 10 րոպե:<br />5. Միջուկի բոլոր բաղադրիչները լցնել մի ամանի մեջ, աղ եւ պղպեղ անել:<br />6. Լավ խառնել:<br />7. 4 շերեփ խմորը լցնել ամանի մեջ եւ վրան լցնել միջուկը: Այն կսուզվի խմորի մեջ: Լցնել մնացած խմորը եւ թխել ջեռոցում, 180C, 30 րոպե:</p>', 'image_1454426598.jpg', '', '2016-02-02 10:50:22', NULL, 'am', 1, 'dzkan-pirog-brndzov', '2016-02-02 19:23:18', NULL, NULL, NULL),
(2, 'Աղցան «Կանացի»', '<p>Եփած հավի միսը կտրատել փոքր խորանարդիկներով կամ շերտերով:<br />Արքայախնձորի ջուրը դատարկել եւ նույնպես կտրատել խորանարդիկներով:<br />Պանիրը անցկացնել խոշոր քերիչով:<br />Սխտորը մանր կտրատել է դանակով:<br />Ամանի մեջ լցնել հավը, արքայախնձորը, պանիրը ու սխտորը:<br />Աղցանին ավելացնել մայոնեզ եւ խառնել:<br />Ըստ ճաշակի աղ եւ պղպեղ անել:</p>', 'image_1454396918.jpg', '', '2016-02-02 11:08:38', NULL, 'am', 2, 'aghtsan-kanatsi', '2016-02-03 16:39:37', NULL, NULL, NULL),
(3, 'Աղցան «Հաճույք»', '<p>Պատրաստման եղանակը.<br />1. Եփած հավի կրծքամիսը կտրատել:<br />2. Սունկը եփել եւ խոշոր կտրատել <br />3. Կանաչ թոխը մանր կտրատել<br />4. Այնուհետեւ մանր կտրատել թթու վարունգը<br />5. Աղցանի բոլոր բաղադրիչները խառնում ենք իրար եւ ավելացնում ենք մայոնեզ:<br />ԲԱՐԻ ԱԽՈՐԺԱԿ&hellip;</p>', 'image_1454397248.jpg', '', '2016-02-02 11:14:08', NULL, 'am', 3, 'aghtsan-hachowyk', '2016-02-03 16:40:18', NULL, NULL, NULL),
(4, 'Աղցան հավի մսով եւ բանջարեղենով', '<p>1. Հավի ֆիլեն դնել եռացող ջրի մեջ եւ եփել 20 րոպե (մինչեւ պատրաստ լինելը).<br />2. Բուլղարական պղպեղը մաքրել սերմերից, կտրատել միջին չափի խարանարդիկների եւ լցնել ամանի մեջ.<br />3. Հավի ֆիլեն սառեցնել, խորանարդաձեւ կտրատել եւ ավելացնել ամանի մեջ:<br />4. Նույն ամանի մեջ լցնել նաեւ խորանարդաձեւ կտրատած լոլիկը:<br />5. Ավելացնել խորանարդաձեւ կտրտած վարունգը, քերած պանիրը, աղը, պղպեղը եւ մայոնեզը: Խառնել:<br />ԲԱՐԻ ԱԽՈՐԺԱԿ</p>', 'image_1454397793.jpg', '', '2016-02-02 11:23:13', NULL, 'am', 4, 'aghtsan-havi-msov-ew-banjareghenov', '2016-02-03 16:40:59', NULL, NULL, NULL),
(5, 'Աղցան հավի մսով, լոբով ու պանրով', '<p>1. Սխտոր մաքրել, անցկացնել մանր քերիչով<br />2 Սեւ հացի կտորները աղ եւ սխտոր անել, խորանարդաձեւ կտրատել եւ չորացնել թավայի մեջ՝ առանց յուղի: Հավի ֆիլեն կտրատել փոքր կտորների:<br />3. Թթու վարունգը խորանարդաձեւ կտրատել: Եգիպտացորենի ջուրը դատարկել: Պանիր կտրատել բարակ շերտերով:<br />4. Մաղադանոսը լվանալ, չորացնել, տերեւները մանր կտրատել: Ամանի մեջ խառնել հավի ֆիլեն, եփած լոբին, պանիրը, եգիպտացորենը, թթու վարունգը, մաղադանոսը եւ սեւ հացի չորահացը, ավելացնել մայոնեզ եւ աղցանը կրկին խառնել:<br />ԲԱՐԻ ԱԽՈՐԺԱԿ&hellip;</p>', 'image_1454398007.jpg', '', '2016-02-02 11:26:47', NULL, 'am', 5, 'aghtsan-havi-msov-lobov-ow-panrov', '2016-02-03 16:42:03', NULL, NULL, NULL),
(6, 'Արագ պատրաստվող շոկոլադե մուսս', '<p>1. Սկսում ենք կոտրել շոկոլադը (265 գր.): Ինչպես միշտ, վերցնել մուգ շոկոլադ (60%): Լցնել երկար բռնակով կաթսայի մեջ: Վրան շաղ տալ շաքարավազը (4 ճաշի գդալ). Կարող եք նաեւ քչացնել շաքարավազի քանակը մինչեւ 2 գդալ:.<br />2. Վրան լցնել սովորական ջուր (240 մլ.):<br />3. Եվ հիմա առավել հետաքրքիր մասը - ավելացնել 3 ճաշի գդալ ,համային ակցենտե: Դա կարող է լինել կոնյակ, վիսկի եւ այլն: Կարճ ասած, մի ինչ-որ հեղուկ եւ ուժեղ համով: <br />4. Կաթսան դնել միջին կրակի վրա եւ խառնել: Անպայման հիշել, որ շոկոլադը չպետք է շատ տաքանա:<br />5. Վերցնել 2 միանման ամաններ: Մեկի մեջ լցնել սառույց եւ ջուր, այնպես, որ մյուսի տակը կպնի սառույցին: <br />6. Երբ շոկոլադ է մուսսը դառնա միասեռ զանգված, լցնել այն Երկրորդ ամանի մեջ եւ դնել սառույցի վրա:<br />7. Ապա սկսեք հարել հարիչով: 4 րոպե ոչինչ չի փոխվի: Այնուհետեւ մուսսը կսկսի թանձրանալ: Պատրաստի մուսսը լցնել բաժակների մեջ եւ մատուցել սերուցքի հետ: <br />Բարի ախորժակ&hellip;</p>', 'image_1454399152.jpg', '', '2016-02-02 11:45:52', NULL, 'am', 6, 'arag-patrastvogh-shokolade-mowss', '2016-02-03 16:44:49', NULL, NULL, NULL),
(7, 'Արագ պատրաստվող ուտեստ', '<p>1. Ջեռոցը տաքացնել 180 աստիճան:<br />2. Սունկ կտրել տաշեղներով եւ 5րոպե տապակել 2-3 ճ.գ. ձիթապտղի յուղի մեջ: Ապա ավելացնել ճզմած սխտոր եւ մանրացված սամիթ: <br />3. Լոլիկի ջուրը առանձնացնել եւ կտրատել:<br />4. Հացը կտրել հորիզոնական եւ ուղղահայաց, այնպես, որ չառանձնանա: Կստացվի 2x2 չափի վանդակներ:<br />5. Հացի վրա շաղ տալ ձիթապտղի յուղ, ապա լցոնել սնկով եւ լոլիկով:<br />6. Վերջում շաղ տալ պանիր եւ դնել ջեռոցը 15 րոպե:<br />ԲԱՐԻ ԱԽՈՐԺԱԿ...</p>', 'image_1454399367.jpg', '', '2016-02-02 11:49:27', NULL, 'am', 7, 'arag-patrastvogh-owtest', '2016-02-04 17:56:42', NULL, NULL, NULL),
(8, 'Արագ պատրաստվող պիրոգ', '<p>1.Պատրաստման տեւողությունը - 20 րոպե<br />2.Տաքացնել ջեռոցը 180 աստիճան.<br />Կարագը եւ շաքարավազը հարել միասին:<br />3.Ավելացնել ձուն: Լավ խառնել: Ձուն պետք է լինի սենյակային ջերմաստիճանի:<br />4. Ավելացնել վանիլինի էսենցիան: Խառնել:<br />5.Խնձորի կեղեւը մաքրել: Կտրատել մանր խորանարդների:<br />6.Ավելացնել խնձորը: Խառնել: Խնձորի փոխարեն կարող եք ավելացնել նաեւ տանձ, չամիչ:<br />7.Խառնել ալյուրը եւ փխրեցուցիչը: Լցնել ամանի մեջ:<br />8.Լավ խառնել. Պետք է ստացվի թույլ խմոր:<br />9.Ֆորման կարագապատել եւ մեջը լցնել խմորը: Վրան կարելի է զարդարել քունջութով:<br />20-25 րոպե դնել ջեռոցը մինչեւ լավ վարդագունի:<br />10.Սպասեք մինչեւ սառչի եւ հյուրասիրեք:<br />ԲԱՐԻ ԱԽՈՐԺԱԿ&hellip;</p>', 'image_1454399722.jpg', '', '2016-02-02 11:55:22', NULL, 'am', 8, 'arag-patrastvogh-pirog', '2016-02-04 17:57:28', NULL, NULL, NULL),
(9, 'Բանանի չիպսեր', '<p>Պատրաստման եղանակը:<br />1. Բանանը կտրատել կլոր-կլոր: Կիտրոնի հյութ ցանել կլորակների վրա, որպեսզի չսեւանան:<br />2. Վրան շաղ տալ դարչին եւ զգուշորեն խառնել, որպեսզի կտորները մնան ամբողջական:<br />3. Շերտերով տեղադրել մուլտիջեռոցում, եւ չորացնել ժամը 90 ՛ C 45 րոպե:<br />4. Հանում ենք չիպսերը եւ թողնում ենք սառչեն: Սկզբում կարող է թվալ, որ դրանք դեռ չեն չորացել, բայց սառելուց հետո դառնում են խրթխրթան:<br />ԲԱՐԻ ԱԽՈՐԺԱԿ&hellip;</p>', 'image_1454399944.jpg', '', '2016-02-02 11:59:04', NULL, 'am', 9, 'banani-chipser', '2016-02-02 11:59:58', NULL, NULL, NULL),
(10, 'Բեֆստրոգանով', '<p>1. Միսը լվանալ, չորացնել եւ կտրատել 5-7 մմ շերտերով<br />2. Միսը դնել սննդի փզթեթի մեջ եւ ծեծել<br />3. Ծեծած միսը կտրատել ձողաձեւ<br />4. Սոխը մաքրել եւ կտրատել<br />5. Թավայի մեջ հալեցնել 30 գր. կարագը եւ 2 ճ.գ. բուսական յուղը, լցնել սոխը, աղ եւ պղպեղ անել եւ մարմանդ կրակի վրա տապակել՝ անընդհատ խառնելով:<br />6. Տապակած սոխի վրա լցնել ալյուրը եւ խառնել:<br />7. Սոխին ավելացնել թթվասեր եւ տոմատ եւ խառնել:<br />8. Եռացնել եւ լցնել մի փոքր ջուր եւ խառնել: Սոուսը եփել այնքան, մինչեւ դառնա ցանկալի թանձրության եւ համեմել:<br />9. Մեկ այլ թավա տաքացնել, հալեցնել մնացած կարագը եւ 1 ճ.գ. բուսական յուղը: Լցնել միսը եւ տապակել 3-4ր. Մինչեւ պատրաստ լինի, այնուհետեւ համեմել:<br />10. Միսը ավելացնել սոուսին, խառնել եւ տապակել մարմանդ կրակի վրա 2-3 րոպե:<br />11. Մատուցել կարտոգիլի պյուրեի, եփած կարտոֆիլի կամ բրնձի հետ:<br />12. Մատուցելուց ավելացնել կտրատած կանաչի:</p>', 'image_1454400042.jpg', '', '2016-02-02 12:00:42', NULL, 'am', 10, 'befstroganov', '2016-02-02 12:03:59', NULL, NULL, NULL),
(11, 'Բրինձը սխտորով՝ ճապոնական եղանակով', '<p>1. ,ՄԱՌԱՆԻԿե բրինձը եփել մինչեւ դառնա կիսաեփ: <br />2. Սխտորը մանր կտրատել եւ տապակել: <br />3. Ավելացնել բրինձը եւ շարունակել տապակել:<br />4. Ավելացնել հավկիթները եւ խառնել:<br />5. Կանաչ սոխը մանր կտրատել եւ ավելացնել բրնձին: 2 րոպե տապակել, որից հետո ավելացնել մի քիչ ջուր եւ եփել եւս 10 րոպե:<br />6. Մատուցել սոյայի սոուսով:<br />ԲԱՐԻ ԱԽՈՐԺԱԿ&hellip;</p>', 'image_1454400284.jpg', '', '2016-02-02 12:04:44', NULL, 'am', 11, 'brindze-skhtorov-chaponakan-eghanakov', '2016-02-03 16:48:54', NULL, NULL, NULL),
(12, 'Դասական ,հունականե աղցան', '<p>1. Փոքր բանկայի մեջ խառնել ձիթապտղի յուղը, կիտրոնի հյութը, մանրացրած սխտորը, աղը, պղպեղը եւ օրեգանոն: Փակել կափարիչով եւ լավ թափահարել:<br />2. Մեծ ամանի լցնել ոչ մեծ կտորների կտրած լոլիկը, կիսակլոր կտրատալ վարունգը, բարակ օղակներով կտրատած կարմիր սոխը, բարակ շերտերով կտրատած կանաչ պղպեղը, խորանարդիկներով կտրատած ֆետա պանիրը եւ ձիթապտուղը:<br />3. Մատուցելուց առաջ լցնել սոուսը, զգուշորեն խառնել եւ վրան ցանել սեւ պղպեղ:</p>', 'image_1454400441.jpg', '', '2016-02-02 12:07:22', NULL, 'am', 12, 'dasakan-hownakane-aghtsan', '2016-02-03 16:50:51', NULL, NULL, NULL),
(13, 'Ժուլիեն հավով եւ սնկով', '<p>1. Ցանկացած ժուլյենի պատրաստում սկսում է սնկով: Սովորաբար այս բաղադրատոմսի համար բաղադրիչները պետք է կտրատել երկար շերտերով: Սակայն եթե Ձեր մոտ չի ստացվում, հոգ չէ:<br />2.Լվանալ շամպինիոնները կամ ցանկացած սունկ, որ դուք ունեք, եւ այնուհետեւ կտրատել: Սունկը անմիջապես ուղարկել տապակելու ձեթով տաքացված թավայի մեջ եւ այնուհետեւ մանր կտրատել սոխը եւ լցնել թավայի մեջ ու խառնել:<br />3. Այնուհետեւ թավայի մեջ պետք է լցնել հավի կտրատած միսը: Համեմել: Հավը պետք է նախօրոք եփած լինի: <br />4. Առանձին չոր թավայի մեջ տապակել ալյուրը եւ ավելացնել թթվասերը: Խառնում ենք եւ ամբողջը լցնում ենք հավով եւ սնկով թավայի մեջ: Եվ նորից բոլորը իրար հետ խառնում ենք:<br />5. Ժուլյենը լցնում ենք ֆորմաների մեջ եւ վրան ավելացնում ենք քերած պանիր, կարելի է պանիրը խառնել թթվասերի հետ:<br />6. Երեսուն րոպե դնում ենք 180 աստիճան տաքացրած ջեռոցը: Անպայման մատուցել թարմ բանջարեղենով աղցանի հետ:<br />Բարի ախորժակ&hellip;</p>', 'image_1454400750.jpg', '', '2016-02-02 12:12:30', NULL, 'am', 13, 'zhowlien-havov-ew-snkov', '2016-02-02 12:14:53', NULL, NULL, NULL),
(14, 'Լոլիկով աղցան', '<p>1. Պատրաստել բաղադրիչները<br />2. Խառնել 2 տեսակի ձեթը եւ քացախը<br />3. Դրա մեջ ճզմել սխտորը, մանր կտրատել ռեհանի տերեւները եւ ավելացնել ձեթին: Մաքրել պղպեղ ը սերմերից, մանր կտրատել եւ ավելացնել ձեթի մեջ (ով չի սիրում կծու, կարող է չավելացնել պղպեղ).<br />4. Ամբողջը լավ խառնել եւ դնել մի կողմ.<br />5. Լոլիկը խորանարդաձեւ կտրատել:<br />6. Քաղցր պղպեղը խորանարդաձեւ կտրատել, մանր կտրատել սոխը եւ մաղադանոսը: Ավելացնել լոլիկին.<br />7. Զգույշ խառնել երկու պատառաքաղներով: Աղ եւ պղպեղ, խառնել:<br />8. Ավելացնել մի կողմ դրված ձեթը: Լավ խառնել:<br />9. Մատուցելուց առաջ կտրատել ձիթապտուղը, ավելացնել աղցանի մեջ, վերջում վրան ցանել կիտրոնի հյութը:<br />ԲԱՐԻ ԱԽՈՐԺԱԿ&hellip;</p>', 'image_1454400943.jpg', '', '2016-02-02 12:15:43', NULL, 'am', 14, 'lolikov-aghtsan', '2016-02-03 16:53:27', NULL, NULL, NULL),
(15, 'Լցոնած բիբար', '<p>1. Մանր կտրատել սոխը, լոլիկը եւ կանաչեղենը: Գազար քերել:<br />2. Բբարները մաքրել, խառնել տավարի միսը, կտրատած բանջարեղենը եւ կանաչեղենը, ավելացնել կարագը, աղ, պղպեղ, 2 ճաշի գդալ սոուս:<br />3. Լցոնել պղպեղները, դնել խորը կաթսայի մեջ, մի քանի դափնու տերեւ դնել, բիբարները ծածկել խաղողի տերեւներով: Է չափով եռացող ջուր լցնել եւ լցնել 2 ճաշի գդալ բուսական յուղ: Եռալուց հետո, եփել ցածր կրակի վրա 40-45 րոպե:<br />4. Մատուցել թթվասերով:<br />ԲԱՐԻ ԱԽՈՐԺԱԿ:</p>', 'image_1454401229.jpg', '', '2016-02-02 12:20:29', NULL, 'am', 15, 'ltsonats-bibar', '2016-02-03 16:55:12', NULL, NULL, NULL),
(16, 'Ծաղկակաղամբ՝ սոուսով', '<p>1. Ծաղկակաղամբը մասնատել եւ առանձնացնել ծաղկած մասերը: 5-7 րոպե եփել աղ արած եռացող ջրի մեջ (Կափարիչով չծածկել): Կաղամբը հանել ջրից, իսկ ջուրը չթափել:<br />2. Միեւնույն ժամանակ չոր թավայի մեջ տապակել ալյուրը՝ մինչեւ դառնա ոսկեգույն դառնա, թավան վերցնել կրակից, սերուցքը խառնել կաղամբի արգանակին եւ բարակ շիթով լցնում ենք ալյուրի մեջ՝ անընդհատ խառնելով: Եթե սուսը չի թանձրանուն կարելի է մի քիչ երկար թողնել կրակին: Այնուհետեւ ավելացնել աղ, պղպեղ եւ մշկընկույզ, խառնել եւ սուսը թավայի միջից տեղափոխել ամանի մեջ:<br />3. Ֆորման պատում ենք կարագով եւ լցնում ենք չորացրած հացը: <br />4.Ձուն մի փոքր հարել եւ լցնել մի քիչ սառած սուսի մեջ:<br />5. Կաղամբի կեսը լցնել, վրան շաղ տալ սուսի կեսը, ծածկել չորացրած հացով եւ պանրի կեսով եւ այդպես լցնել մնացած բաղադրիչները:<br />6. Դնել 180 աստիճան տաքացրած ջեռոցը 20 րոպե եւ այնուհետեւ 5 րոպե՝ 200 աստիճանով:</p>', 'image_1454401453.jpg', '', '2016-02-02 12:24:13', NULL, 'am', 16, 'tsaghkakaghamb-soowsov', '2016-02-03 16:56:31', NULL, NULL, NULL),
(17, 'Կաթնաշոռով եւ կիվիով տորթ', '<p>1. Ձվի դեղնուցը առանձնացնել սպիտակուցից եւ վրա լցնել շաքարավազը:<br />2. Սառեցրած կարագը անցկացնել քերիչով եւ ավելացնել շաքարավազին եւ դեղնուցին:<br />3. Հարիչով 3 րոպե խառնել բաղադրիչները;<br />4. Փոքր չափաբաժիններով ավելացնել ալյուրը եւ խառնել:<br />5. Ավելացնել վանիլինը:<br />6. Ավելացնել փխրեցուցիչը եւ շարունակել խառնել ձեռքով:<br />7. Խմորը գունդ անել եւ պատառաքաղի օգնությամբ բացել ֆորմայի մեջ այնպես, որ ծայրերը բարձրանան ֆորմայի պատերին:<br />8. Դնել սառնարանը եւ պատրաստել միջուկը:<br />9. Կաթնաշոռը հարիչով հարել:<br />10. Առանձին հարել ձվի սպիտակուցները եւ խառնել կաթնաշոռի հետ:<br />11. Խառնելու ընթացքում ավելացնել վանիլին:<br />12. Խմորը հանել սառնարանից եւ ստացված խառնուրդը հավասարաչափ տարածել խմորի վրա:<br />13. 40 րոպե դնել ջեռոցը՝ 220 աստիճանից ոչ բարձր: Հանել թողնել սենյակային ջերմաստիճանին սառչի, այնուհետեւ դնել սառնարանը:<br />14. Կիվին մաքրել եւ շրջանաձեւ կտրատել:<br />15. Շարել կաթնաշոռի վրա: Կարելի է նաեւ վրան ժելե ավելացնել:<br />16. Մատուցվում է սառը վիճակում:<br />ԲԱՐԻ ԱԽՈՐԺԱԿ&hellip;</p>', 'image_1454401689.jpg', '', '2016-02-02 12:28:09', NULL, 'am', 17, 'katnashorhov-ew-kiviov-tort', '2016-02-03 16:57:39', NULL, NULL, NULL),
(18, 'Կանաչ սոխով ապուր', '<p>1. Պատրաստել բաղադրիչները.<br />2. Սոխը լվանալ եւ կեղեւահան անել: Կանաչ սոխը մանր օղակաձեւ կտրատել, իսկ գլուխ սոխը կտրատել խորանարդաձեւ:<br />3. Սոխը տապակել կարագի մեջ մինչեւ փափկելը, ոչ մի դեպքում չթողնել շատ տապակվի:<br />4. Ավելացնել ալյուր եւ լավ խառնել:<br />5. Ավելացնել արգանակ, կաթ եւ համեմունքները: Ծածկել կափարիչով եւ թողնել եռա միջին կրակի վրա, մոտ 5 րոպե:<br />6. Ձեռքի բլենդերով կամ հարիչով ապուրը հարել մինչեւ դառնա պյուրեանման:<br />ԲԱՐԻ ԱԽՈՐԺԱԿ&hellip;</p>', 'image_1454401946.jpg', '', '2016-02-02 12:32:27', NULL, 'am', 18, 'kanach-sokhov-apowr', '2016-02-03 16:58:34', NULL, NULL, NULL),
(19, 'Կապուչինո՝ կաթնաշոռով', '<p>1. Ամանի մեջ եփել 200 մլ սերուցք (2 ճ.գ. դնել մի կողմ) եւ մեջը հալեցնել շոկոլադը: Թողնել սառչի:<br />2. Մի կողմ դրած սերուցքի մեջ լուծել սուրճը: Կաթնաշոռը, 1/3 բաժակ շաքարափոշին եւ սուրճե սերուցքը լցնել հարիչի մեջ:<br />3. Հարել այնքան, որպեսզի դառնա միասեռ մասսա:<br />4. Մնացած սերուցքը հարել շաքարափոշու հետ.<br />5. Թափանցիկ բաժակները կիսով չափ լցնել կաթնաշոռի խառնուրդով<br />6. Վրան շատ զգուշորեն լցնել շոկոլադե խառնուրդը<br />7. Մնացած մասը լրացնել հարած սերուցքով.<br />8. Սառնարանում թողնել 15 րոպե: Նախքան մատուցելը զարդարել թարմ ազնվամորիով:<br />ԲԱՐԻ ԱԽՈՐԺԱԿ&hellip;</p>', 'image_1454402248.jpg', '', '2016-02-02 12:37:28', NULL, 'am', 19, 'kapowchino-katnashorhov', '2016-02-03 17:00:58', NULL, NULL, NULL),
(20, 'Կարկանդակ հավի մսով', '<p>1. Խմորը հանել սառնարանից եւ 1 ժամ դնել մի տաք տեղ, որպեսզի բարձրանալ.<br />2. Խմորը բաժանել է երկու մասի: Առաջինը մասը կարկանդակի տակը գցելու համար է, իսկ երկրորդը՝ ծածկելու: <br />3. Միջուկը պատրաստելու համար հավի աղացած միսը 15 րոպե տապակել բուսական յուղի մեջ:<br />4. Թավայի մեջ ավելացնել տոմատը:<br />5. Եփել 5-7 րոպե, ապա ավելացնել կետչուպը, համեմունքը եւ աղը: Եփել 5 րոպե:<br />6. Ֆորման բուսական յուղով պատել, մեջը դնել խմորը եւ վրան լցնել մսային խառնուրդը: Շաղ տալ մանր կտրատած կանաչ սոխ:<br />7. Պանիրը քերել եւ ավելացնել կարկանդակի միջուկին եւ մի փոքր մայոնեզ քսել:.<br />8. Երկրորդ շերտով ծածկել եւ ծայրերը միացնել:<br />9. 30 րոպե դնել 200 աստիճան տաքացրած ջեռոցը:<br />ԲԱՐԻ ԱԽՈՐԺԱԿ&hellip;</p>', 'image_1454402658.jpg', '', '2016-02-02 12:44:03', NULL, 'am', 20, 'karkandak-havi-msov', '2016-02-03 17:01:48', NULL, NULL, NULL),
(21, 'Կարտոֆիլը սնկով եւ թթվասերով', '<p>1. Պատրաստել բաղադրիչները.<br />2. Կարտոֆիլը մաքրել <br />3. Սոխը մանր կտրատել եւ խառնել մի ճաշի գդալ ալյուրի հետ.<br />4. Կարտոֆիլը կտրատել բարակ կլորակներով.<br />5. Սոխը տապակել ձիթապտղի յուղով:<br />6. Սունկը եւս կտրատել մանր կտորներով եւ տապակել սոխից առանձին.<br />7. Կարտոֆիլը լցնել ֆորմայի մեջ.<br />8. Ավելացնել սունկը, սոխը, համեմունքները եւ թթվասերը: Լավ խառնել:<br />9. Եփել 40 րոպե 180 աստիճանով<br />ԲԱՐԻ ԱԽՈՐԺԱԿ&hellip;</p>', 'image_1454407587.jpg', '', '2016-02-02 14:06:27', NULL, 'am', 21, 'kartofile-snkov-ew-ttvaserov', '2016-02-03 17:03:29', NULL, NULL, NULL),
(22, 'Կարտոֆիլի ծաղիկներ', '<p>1. Աղացած միսը աղ եւ պղպեղ անել<br />2. Սնկերի ոտքը պոկել եւ գլխիկները լցնել աղացած մսով: Տապակել բուսական յուղի մեջ:<br />3. Կարտոֆիլ մաքրել եւ կտրել բարակ տաշեղների<br />4. Կեքսի ֆորմաների մեջ ծաղկի ձեւով դասավորել կարտոֆիլը:<br />5. Պանիրը միջին քերիչով քերել, ավելացնել ձվի դեղնուցը, աղ անել եւ հարել մինչեւ միասեռ զանգված դառնալը: Լցնել ֆորմաների մեջտեղը եւ սնկերը դնել վրան: Կարտոֆիլի շերտերին բուսական յուղ քսել: Դնել 180 ՛ C տաքացրած ջեռոցը եւ թխել մինչեւ ոսկեգունի` 15-20 րոպե:<br />6. Թողնել մի փոքր սառչի եւ հանել ֆորմաներից:<br />ԲԱՐԻ ԱԽՈՐԺԱԿ&hellip;</p>', 'image_1454407938.jpg', '', '2016-02-02 14:12:18', NULL, 'am', 22, 'kartofili-tsaghikner', '2016-02-03 17:05:05', NULL, NULL, NULL),
(23, 'Կարտոֆիլի ջեռեփուկ հավով եւ պանրով (ֆրանսիական)', '<p>1. Հավի ֆիլեն կտրատել բարակ շերտերի: Sխտորը նույնպես կտրատել շերտերով:<br />2. Խառնել մայոնեզը, հավի միսը, սխտորը, աղը, պղպեղը եւ համեմունքները՝ ըստ ճաշակի:<br />3. Լավ խառնել եւ թողնել 20 րոպե: Սոխը կտրել բարակ օղակներով:<br />4. Պանիրը քերել խոշոր քերիչով: Խառնել թթվասերը, աղ, պղպեղ եւ համեմունքներ՝ ըստ ճաշակի: Լավ խառնել թթվասերը եւ համեմունքները:<br />5. Կարտոֆիլը կտրել բարակ շերտով: Կարագով պատված ֆորմայի մեջ լցնել սոխի շերտը:<br />6. Սոխի շերտին ավելացնել կարտոֆիլի շերտը: Կարտոֆիլի շերտը պատել թթվասերի սոուսով: Վրան շատ խիտ լցնել հավի ֆիլեն: Շաղ տալ քերած պանիրը: Կրկնել շերտերը, մինչեւ բաղադրիչների վերջանալը: Վերջում շաղ տալ պանիր:<br />7. Դուք պետք է ստանաք նկարի նման: Դնել 180 -200 աստիճան տաքացրած ջեռոցը 35-55 րոպեով: <br />8. Թողնել մի փոքր սառի եւ մատուցել:<br />ԲԱՐԻ ԱԽՈՐԺԱԿ&hellip;</p>', 'image_1454408135.jpg', '', '2016-02-02 14:15:35', NULL, 'am', 23, 'kartofili-jerhepowk-havov-ew-panrov-fransiakan', '2016-02-03 17:06:15', NULL, NULL, NULL),
(25, 'Հավը ֆրանսիական ձեւով', '<p>1. Հավը բաժանել չափաբաժինների<br />2. 10 րոպե տապակել ձիթապտղի յուղի եւ կարագի խառնուրդի մեջ, անմիջապես ավելացնել սխտոր.<br />3. Այնուհետեւ ավելացնել փոքր քառակուսիներով կտրատած սոխը եւ հավը այնպես շրջել, որ հայտնվի սոխերի վրա եւ եփել փակ կափարիչով:<br />Կարելի է մատուցել տապակած չերրի լոլիկի եւ գազարի հետ:<br />ԲԱՐԻ ԱԽՈՐԺԱԿ&hellip;</p>', 'image_1454408719.jpg', '', '2016-02-02 14:25:19', NULL, 'am', 25, 'have-fransiakan-dzewov', '2016-02-03 17:18:41', NULL, NULL, NULL),
(26, 'Հավի գնդիկներ՝ պանրա-սերուցքային սոուսով ', '<p>1. Հավի փափկամիսը ծեծել եւ մանր կտրատել:<br />2. Ավելացնել մանր կտրատած սոխ, աղ եւ պղպեղ անել եւ ձուն հարել:<br />3. Ամբողջը լավ խառնել:<br />4. Վերցնել ամանը եւ պատել սերուցքով: Ստացված խառնուրդից գնդիկներ սարքել եւ շարել սերուցքի վրա: Կարելի է գնդիկները թաթախել ալյուրի մեջ:<br />5. Եփել 180* С տաքացրած ջեռոցում 10&ndash;15 րոպե:<br />6. Այդ ընթացքում պատրաստել սոուսը: Պանիրը մանր քերիչով անցկացնել, սխտորը ճզմել եւ խառնել սերուցքի հետ:<br />7. Ամանը հանել ջեռոցից, բոլոր գնդիկների վրա լցնել սոուսը եւ դնել ջեռոցը ուս 10-15 րոպե: Պանիրը կհալվի, իսկ սերուցքը կներծծվի գնդիկների մեջ:<br />Մատուցել խաշած բանջարեղենի կամ աղցանի հետ:</p>', 'image_1454408893.jpg', '', '2016-02-02 14:28:13', NULL, 'am', 26, 'havi-gndikner-panra-serowtskayin-soowsov', '2016-02-03 17:21:00', NULL, NULL, NULL),
(27, 'Հավի խորոված թեւիկները՝ մեղրով', '<p>1. Հավի թեւիկները կտրել հատվածներով:<br />2. Ամանի մեջ խառնել ձուն եւ կաթը: Առանձին ամանի մեջ խառնել ալյուրը, աղը եւ պղպեղը:<br />3. Չորացնել հավի թեւիկները: Յուրաքանչյուր թեւիկը թաթախել կաթնաձվային խառնուրդի մեջ եւ ապա թաթախել ալյուրով:<br />4. Ջեռոցը տաքացնել 220 աստիճան:<br />5. Ջեռոցի սկուտեղի վրա թուղթ գցել: Թեւիկները դնել սկուտեղին եւ եփել 25 րոպե.<br />6. Հանել ջեռոցից եւ շրջել: Ետ դնել ջեռոցը եւ թողնել մինչեւ վերջ եփի եւ դառնա ոսկե-դարչնագույն:<br />7. Պատրաստ լինելուց մոտ 5 րոպե առաջ զբաղվել սոուսով:<br />8. Միջին կրակի վրա կաթսայի մեջ տաքացնել 2 բաժակ խորովածի սոուս եւ 3 ճաշի գդալ մեղր:<br />9. Խառնել եւ երբ թեւիկները պատրաստ լինեն տաք սոուսը լցնել վրան:<br />10. Մի քանի րոպե վերադարձնել թեւիկները ջեռոցը:<br />11. Պատրաստի թեւիկները, սառեցնել եւ մատուցել սոուսով եւ բանջարեղենով:<br />ԲԱՐԻ ԱԽՈՐԺԱԿ&hellip;</p>', 'image_1454409071.jpg', '', '2016-02-02 14:31:11', NULL, 'am', 27, 'havi-khorovats-tewiknere-meghrov', '2016-02-02 14:35:11', NULL, NULL, NULL),
(28, 'Հավի կրծքամիսը՝ պանրով', '<p>1 Հավի կրծքամիսը բաժանել չափաբաժինների:.Ծեծել, աղ եւ պղպեղ անել: Թողնել մի քիչ:.<br />2. Առանձին ամանի մեջ խառնել ձուն, մայոնեզը, ալյուրը, կանաչին: Ավելացնել մի քիչ աղ եւ պղպեղ: Պանիրը քերել:<br />3. Մսի յուրաքանչյուր կտորի վրա մի գդալ ձվի խառնուրդ դնել: Դնել տաք թավայի մեջ՝ ձվի սոուսը դեպի ներքեւ:<br />4. Վրան պանիր լցնել: Ապա զգուշորեն վրան լցնել սոուս:<br />5. Երկու կողմից տապակել մինչեւ եփի:<br />ԲԱՐԻ ԱԽՈՐԺԱԿ&hellip;</p>', 'image_1454409359.jpg', '', '2016-02-02 14:35:59', NULL, 'am', 28, 'havi-krtskamise-panrov', '2016-02-03 17:22:48', NULL, NULL, NULL),
(29, 'Հեշտ պատրաստվող պիրոգ', '<p>1. Սենյակային ջերմաստիճանի կարագը հարել շաքարավազի հետ: Ավելացնել կաթնաշոռը եւ հարել մինչեւ դառնա միասեռ մասսա: Ավելացնել վանիլին:<br />2. Ձուն ջարդել եւ առանձին-առանձին խառնել:<br />3. Լցնել ալյուրը` խառնած փխրեցուցիչի հետ:<br />4. Ֆորման յուղել եւ ալյուր ցանել: Լցնել խմորը: Տանձը կլոր-կլոր կտրատել եւ մտցնել խմորի մեջ:<br />5. 1 ժամ թխել 170 աստիճանով մինչեւ ոսկեգունի: <br />ԲԱՐԻ ԱԽՈՐԺԱԿ:</p>', 'image_1454409543.jpg', '', '2016-02-02 14:39:03', NULL, 'am', 29, 'hesht-patrastvogh-pirog', '2016-02-02 14:42:08', NULL, NULL, NULL),
(30, 'Ձկան պիրոգ բրնձով', '<p>1. Ջեռոցը տաքացնել մինչեւ 180 C: Ամանի հատակին եւ պատերին բուսական յուղ քսել:<br />2. Եթե օգտագործում եք թարմ ձուկ, ապա եփեք այն եռացող ջրի մեջ դափնու տերեւներով, աղով եւ պղպեղով, 7-9 րոպեկափարիչի տակ: Այնուհետեւ հանեք ջրից, սառեցրեք, հեռացրեք ոսկորները եւ բաժանեք մանր կտորների: Եթե օգտագործում եք պահածոյացված ձուկ, պարզապես թափել ջուրը կամ յուղը:<br />3. Միջուկի համար ձուն եփել եւ կտրատել: Կանաչ սոխը մանր կտրատել:<br />4. ,ՄԱՌԱՆԻԿե բրինձը լցնել 2 բաժակ եռացող ջրի մեջ, ավելացնել աղ, եռացնել, ապա կրակը իջեցնել, ծածկել կափարիչով եւ եփել 10 րոպե:<br />5. Միջուկի բոլոր բաղադրիչները լցնել մի ամանի մեջ, աղ եւ պղպեղ անել:<br />6. Լավ խառնել:<br />7. 4 շերեփ խմորը լցնել ամանի մեջ եւ վրան լցնել միջուկը: Այն կսուզվի խմորի մեջ: Լցնել մնացած խմորը եւ թխել ջեռոցում, 180C, 30 րոպե:</p>', 'image_1454409812.jpg', '', '2016-02-02 14:43:32', NULL, 'am', 30, 'dzkan-pirog-brndzov-2', '2016-02-03 17:24:57', NULL, NULL, NULL),
(31, 'Մակարոնի ջեռեփուկ՝ կաթնաշոռով', '<p>1. Մակարոնը եփել աղ արած ջրում, հանել ջրից եւ չորացնել սրբիչի վրա:<br />2. Պատրաստենք միջուկը: Կաթնաշոռին ավելացնել ձուն, սպիտակաձավարը, 1 ճ.գ. թթվասեր, աղը, պղպեղը եւ չորացրած լոլիկը եւ խառնել:<br />3. Ֆորմայի պատերին կարագ քսել: Հատակին պարույրներով դասավորում ենք մակարոնը: Մեջը լցնում ենք կաթնաշոռի խառնուրդը, ապա նորից պարուրաձեւ մակարոնը եւ նորից կաթնաշոռը: Մակարոնի վերջին շերտը պատում ենք 1 ճաշի գդալ թթվասերով:<br />4. Դնում ենք 180 ՛ C տաքացրած ջեռոցը՝ մինչեւ եփելը՝ մոտ 30 րոպե: Մի փոքր սառեցնում ենք եւ զարդարում գազարով:<br />ԲԱՐԻ ԱԽՈՐԺԱԿ&hellip;</p>', 'image_1454410121.jpg', '', '2016-02-02 14:48:41', NULL, 'am', 31, 'makaroni-jerhepowk-katnashorhov', '2016-02-03 17:25:59', NULL, NULL, NULL),
(32, 'Մարինացված սնկով աղցան', '<p>Սոխը կեղեւահանել եւ հեռացնել պղպեղի սերմերը: Պղպեղը կտրատել շերտերով: Սոխը կտրատել բարակ, բայց ոչ շատ մանր: Լոլիկը կտրատել օղակներով կամ շերտերով: Սամիթը լվանալ, չորացնել եւ մանր կտրատել: Բոլոր բանջարեղենները լցնել աղցանամանի մեջ:<br />Սունկը լցնել քամիչի մեջ, որպեսզի ավելորդ հեղուկը դուրս գա: Թողնել 1ճ.գ. հեղուկ: Սունկը կտրատել խոշոր, իսկ մանրերը վերցնել ամբողջությամբ:<br />Հեղուկը խառնել բուսական կամ ձիթապտղի ձեթով, լցնել աղցանի վրա, խառնել, ավելացնել աղ՝ ըստ ցանկության:</p>', 'image_1454410905.jpg', '', '2016-02-02 15:01:45', NULL, 'am', 32, 'marinatsvats-snkov-aghtsan', '2016-02-02 15:04:22', NULL, NULL, NULL),
(33, 'Մեղրով նրբաբլիթներ', '<p>1. 1, 5 բաժակ ալյուրը մաղել, խառնել աղը եւ փխրեցուցիչը: Առանձին ամանի խառնել հեղուկ մեղրը, կաթը, ձուն եւ բուսական յուղը:<br />2. Կաթնամեղրային խառնուրդը լցնել ալյուրի մոտ եւ խառնում ենք հարիչով, մինչեւ դառնա համասեռ մասսա: Խմոր պետք է լինի խիտ, անհրաժեշտության դեպքում, ավելացնել ալյուր.<br />3. Եթե ցանկանում եք, կարող եք ավելացնել մի քիչ շաքարավազ կամ դարչին: Թավայի մեջ տաքացնում ենք բուսական յուղը, լցնում ենք մեկական ճաշի գդալ խմոր եւ տապակում ենք նրբաբլիթը՝ մինչեւ ոսկեգույն դառնալը:<br />ԲԱՐԻ ԱԽՈՐԺԱԿ...</p>', 'image_1454411261.jpg', '', '2016-02-02 15:05:41', NULL, 'am', 33, 'meghrov-nrbablitner', '2016-02-03 17:27:15', NULL, NULL, NULL),
(34, 'Մսագնդիկներ սերուցքային սոուսով', '<p>1. Պատրաստել բաղադրիչները<br />2. Սոխը մանր կտրատել<br />3. Տապակել, մինչեւ դառնա փափուկ եւ թափանցիկ<br />4. Դնել սառնարանը, որպեսզի լավ սառչի<br />5. Ֆարշի մեջ ավելացնել սոխը, ձուն, աղը, պղպեղը, մշկընկույզը, լիմոնի կեղեւը, հացի փշուրները եւ կարագը:<br />6. Լավ խառնել.<br />7. Ձեւավորել փոքր գնդիկներ.<br />8. Ջեռոցը տաքացնել մինչեւ 200 աստիճան: Գնդիկները 15 րոպեով դնել ջեռոցը:<br />9. 15 րոպեից հանել ջեռոցից:<br />10. Եռացրած ջրի վրա տաքացնել սերուցքը:<br />11. Խառնել տաք սերուցքը եւ տաք ապուրը:<br />12. Զգուշորեն գնդիկները դնել խորը թավայի մեջ:. Վրան լցնել արգանակի եւ սերուցքի խառնուրդը: Եւս20 րոպե ուղարկել ջեռոցը:<br />13. Գնդիկները հանել ջեռոցից եւ սոուսը լցնել առանձին ամանի մեջ:<br />14. Հալեցնել կարագը թավայի մեջ, լցնել 2 ճ.գ. ալյուր, տապակ մեկ րոպե:<br />15. Ավելացնել սերուցքով սոուսը եւ եփել մինչեւ թանձրանալը: <br />16. Մսագնդիկները պատրաստ են:<br />ԲԱՐԻ ԱԽՈՐԺԱԿ&hellip;</p>', 'image_1454411323.jpg', '', '2016-02-02 15:08:43', NULL, 'am', 34, 'msagndikner-serowtskayin-soowsov', '2016-02-03 17:28:19', NULL, NULL, NULL),
(35, 'Նախուտեստ` սուլուգունի խմորի մեջ', '<p>Չափաբաժին՝ 4 հատ:</p>\r\n<p>Պատրաստման եղանակը՝<br />1. Պանիրը կտրատել ձողիկներով մոտ 1 x 1 x 6 սմ:<br />2. Յուրաքանչյուր ձողիկ փաթաթել խմորի մեջ:.<br />3. Տապակում ենք լավ տաքացրած բուսական յուղի մեջ:<br />4. տեղափոխել թղթե սրբիչների վրա, որպեսզի ավելորդ յուղը կլանի:<br />5. Մատուցել տաք:<br />ԲԱՐԻ ԱԽՈՐԺԱԿ&hellip;</p>', 'image_1454411630.jpg', '', '2016-02-02 15:13:51', NULL, 'am', 35, 'nakhowtest-sowlowgowni-khmori-mej', '2016-02-03 17:29:16', NULL, NULL, NULL),
(36, 'Նարնջի սառը թեյ', '<p>1. Նարինջը կտրատել մանր կտորների, դնել մի բաժակի մեջ եւ վրան սեւ թեյ լցնել:<br />2. Ավելացնել սառույց:<br />3. Զարդարել ուրցի տերեւով:<br />Թարմացնող ըմպելիքը պատրաստ է:</p>', 'image_1454411713.jpg', '', '2016-02-02 15:15:13', NULL, 'am', 36, 'narnji-sarhe-tey', '2016-02-02 15:16:09', NULL, NULL, NULL),
(37, 'Նրբաբլիթով տորթ՝ կաթնաշոռի միջուկով', '<p>1. Կաթը 1: 1 բացել սառը ջրով, ավելացնել ձուն եւ լավ խառնել: Ավելացնել ալյուրը եւ լավ խառնել, ավելացնել ձեթը եւ աղ անել:<br />2. Թավան լավ տաքացնել, ձեթել, եթե նախօրոք ձեթ չեք լցրել, եւ թխել բլիթները՝ կարմրացնելով 2 կողմերը:<br />3. կստացվի մոտ 15 հատ բլիթ:<br />4. Խառնել կաթնաշոռը խտացրած կաթի հետ: Ավելացնել մի քիչ աղացած դարչին եւ վանիլին:<br />5. Ֆորման ձեթել եւ չորահացով պատել:<br />6. Շարել բլիթները եւ հերթով յուրաքանչյուրի վրա կաթնաշոռի խառնուրդը քսել:<br />7. Ձուն շաքարավազի հետ հարել եւ քսել վերեւի շերտին:<br />8. 30-40 րոպեով դնել 190 աստիճան տաքացրած ջեռոցը:</p>', 'image_1454411816.jpg', '', '2016-02-02 15:16:56', NULL, 'am', 37, 'nrbablitov-tort-katnashorhi-mijowkov', '2016-02-02 15:20:58', NULL, NULL, NULL),
(38, 'Շամպինիոնները ջեռոցում', '<p>1. Չիլի պղպեղը լավ մանրացնել, սխտորը ճզմել:<br />2. Ավելացնել կտրատած մաղադանոսը եւ կիտրոնի հյութը ձիթապտղի ձեթի հետ:<br />3. Այս խառնուրդի մեջ թաթախել նախօրոք լվացած եւ չորացրած սնկերը, թողնել 30 րոպե:<br />4. Պանիր խորանարդաձեւ կտրատել եւ դնել սնկի գլխիկների մեջ:<br />5. Դնել ջեռոցը 15-20 րոպե 200 աստիճանով:<br />ԲԱՐԻ ԱԽՈՐԺԱԿ&hellip;</p>', 'image_1454412144.jpg', '', '2016-02-02 15:22:24', NULL, 'am', 38, 'shampinionnere-jerhotsowm', '2016-02-02 15:24:30', NULL, NULL, NULL),
(39, 'Ուզբեկական փլավ', '<p>1. Լվացած բրինձը 1.5-2 ժամ թրջել աղաջրի մեջ:<br />2. Միսը կտրել 30-40 գրամանոց կտորների, որոնք պետք է տապակել 160 - 170 ՛ C տաքացրած բուսական յուղի մեջ:<br />3. Այնուհետեւ ավելացնել կիսակլորներով կտրատած սոխը եւ շարունակել տապակել<br />4. Այնուհետեւ լցնել ձողաձեւ կտրատած գազարը, բոլորը խառնել միասին, ավելացնել ջուր (հարաբերակցությունը ջուր բրինձ՝ 1: 1), աղ, համեմունքներ եւ եփել 25-30 րոպե:<br />5. Կաթսայի ամբողջ մակերեւույթով լցնել բրինձը եւ եփել է առանց կափարիչի՝ մինչեւ ողջ հեղուկը գոլորշիանա:<br />6. Մեջտեղում հավաքել սարի նման, փակել եւ շոգեխաշել 30-40 րոպե:<br />7. Պատրաստի փլավ զգույշ խառնել:<br />8. Մատուցելիս բրնձի եւ բանջարեղենի վրա դնել մանր կտրատած միսը:<br />ԲԱՐԻ ԱԽՈՐԺԱԿ:</p>', 'image_1454412305.jpg', '', '2016-02-02 15:25:05', NULL, 'am', 39, 'owzbekakan-plav', '2016-02-03 17:34:00', NULL, NULL, NULL),
(40, 'Չախոբիլի հավի մսով', '<p>Չախոբիլի հավի մսով1. Հավի բուդը եփել մինչեւ պատրաստ լինելը<br />2. Սոխը մանր կտրատել<br />3. Լցնել բուսական յուղով թավայի մեջ<br />4. Սխտորը մանր կտրատել<br />5. Սխտորը ավելացնել սոխին<br />6. Ավելացնել աջիկան<br />7. Ավելացնել տոմատը<br />8. Խառնել<br />9. Ավելացնել քերիչով անցկացրած լոլիկ<br />10. Հավի բուդը լցնել թավայի մեջ եւ ավելացնել մի փոքր արգանակ<br />11. Ավելացնել համեմունքներ<br />12. Խառնել<br />13. Աղ անել ըստ ճաշակի<br />14. Տապակել մինչեւ պատրաստ լինելը<br />15. Պատրաստի ուտեստը ձեւավորել կանաչիով:<br />ԲԱՐԻ ԱԽՈՐԺԱԿ&hellip;</p>', 'image_1454412591.jpg', '', '2016-02-02 15:29:52', NULL, 'am', 40, 'chakhobili-havi-msov', '2016-02-02 15:32:16', NULL, NULL, NULL),
(41, 'Պիրոգ հավով եւ պանրով', '<p>1. 1 ժամ առաջ, սառնարանից հանել կարագը եւ թողնել մի փոքր հալի եւ 30 րոպե առաջ սառցարանում տեղադրել 3 ճաշի գդալ ջուր: Երբ ժամը գա խառնել խմորի բաղադրիչները սկզբում պատառաքաղով, հետո ձեռքերով, ապա գնդիկ սարքել եւ կես ժամ դնել սառնարանը: <br />2. Միացնել ջեռոցը 180 աստիճան, մինչ ջեռոցը տաքանում է, իսկ խմորը սառում է, խառնել միջուկի բոլոր բաղադրիչները: Հավը եփել եւ անցկացնել հարիչով: <br />3. Խմորը հանել սառնարանից: Սեղանին ալյուր ցանել եւ խմորը բացել ոչ շատ բարակ: Դնել ֆորմայի մեջ եւ ավելորդ ծայրերը կտրել մկրատով: Մի քանի րոպե դնել սառնարանը:<br />4. Այնուհետեւ լցնել միջուկը:<br />5. Եփվելու ընթացքում միջուկը կբարձրանա, հետո կիջնի:<br />Այս պիրոգը պատրաստվում է շատ հեշտ եւ խմորը միշտ ստացվում է: Պետք է մատուցել տաք վիճակում:</p>', 'image_1454412774.jpg', '', '2016-02-02 15:32:54', NULL, 'am', 41, 'pirog-havov-ew-panrov', '2016-02-02 15:34:50', NULL, NULL, NULL),
(42, 'Ջեռեփուկ «Մակարոնամանիա»', '<p><strong></strong>Պատրաստման ժամանակը: 20 րոպե<strong><br /></strong>Քանակ: 2 չափաբաժին<strong><br /></strong></p>\r\n<p>1. Պատրաստել բաղադրիչները.<br />2. Սնկին ավելացնել մանր կտրատած ձուն, կանաչին, աղը եւ թթվասերը: Խառնել:<br />3. Պանիրը պատրաստել նախօրոք՝ կտրատելով խորանարդաձեւ:<br />4. Ամանի հատակին լցնել սնկի խճողակը եւ տափակեցնել գդալով:<br />5. Սնկի խճողակի վրա հավասարաչափ լցնել նախօրոք պատրաստած պանիրը եւ կրկին սեղմել գդալով:<br />6. Մակարոնին ավելացնել մայոնեզ եւ խառնել: Մակարոնի շերտը լցնել պանրի շերտի վրա:<br />7. Վերջին շերտը - ֆետա պանիր.<br />8. ,Մակարոնամանիանե դնել նախօրոք 200 C տաքացրած ջեռոցը 20 րոպե:<br />9. Մատուցել տաք վիճակում՝ ձեր նախընտրած բանջարեղենի հետ:<br />Բարի ախորժակ&hellip;</p>', 'image_1454412980.jpg', '', '2016-02-02 15:36:20', NULL, 'am', 42, 'jerhepowk-makaronamania', '2016-02-03 17:40:35', NULL, NULL, NULL);
INSERT INTO `recipe` (`id`, `title`, `description`, `img`, `video`, `created_at`, `cat_id`, `lang`, `parrent_id`, `slug`, `updated_at`, `seo_title`, `seo_keywords`, `seo_description`) VALUES
(43, 'Ռուլետներ ,Կորդոն Բլյուե սերուցքային սոուսով', '<p>Պատրաստման եղանակը՝<br />1. Պանիրը շերտերով կտրատել: Խոզապուխտը կտրել բարակ շերտով: Հավի դոշիկներ կտրել է 3 շերտի:<br />2. Յուրաքանչյուր շերտը առանձին ծեծել: Ավելացնել մի քիչ աղ: Յուրաքանչյուր կտորի վրա դնել 2 կտոր խոզապուխտ: Խոզապուխտի վրա դնել պանիրի շերտեր: Ռուլետաձեւ պտտել:<br />3. Եթե ամեն ինչ ճիշտ է արված, ապա ռուլետները պատրաստման ժամանակ չպետք է բացվեն: Բայց ապահովության համար կարող եք ամրացնել չոփիկով:<br />4. Թավայի վրա տաքացնել բուսական յուղը: Ռուլետները դնել թավայի մեջ: Տապակել բոլոր կողմերից մինչեւ ոսկեգունի: Թավայի մեջ լցնում ենք սերուցքը: Ճզմում ենք սխտորը: Պղպեղ՝ ըստ ճաշակի: Շաղ տալ կանաչեղենը:<br />5. Խաշում ենք մարմանդ կրակի վրա, մինչեւ սերուցը կիսվի: Որպես խավարտ կարող եք մատուցել բրինձ, բանջարեղեն:<br />ԲԱՐԻ ԱԽՈՐԺԱԿ&hellip;</p>', 'image_1454413185.jpg', '', '2016-02-02 15:39:45', NULL, 'am', 43, 'rhowletner-kordon-blyowe-serowtskayin-soowsov', '2016-02-03 17:37:05', NULL, NULL, NULL),
(44, 'Սածղմոնի՝ մեղրով եւ մանանեխով', '<p>1. Պատրաստել բաղադրիչները:<br />2. Խառնել մանանեխը, սոյայի սոուսը եւ մեղրը: կտրատած ձկան վրա լցնել պատրաստած սուսը եւ 15 րոպե դնել սառնարանը:<br />3. Հանել սառնարանից, շաղ տալ վրան քունջութը եւ դնել 170 c-ով նախօրոք տաքացրած ջեռոցը 15 րոպեով:<br />4. Հիասքանչ եւ դիետիկ ձուկը պատրաստ է:</p>', 'image_1454413725.jpg', '', '2016-02-02 15:48:46', NULL, 'am', 44, 'satsghmoni-meghrov-ew-mananekhov', '2016-02-03 17:37:36', NULL, NULL, NULL),
(45, 'Սերուցքասրճային ժելե', '<p>1. լուծվող սուրճը խառնել ջրի հետ:<br />2. ժելատինը բացել սառը ջրի մեջ եւ թողնել:<br />3. ժելատինը լցնել փոքր կաթսայի մեջ:<br />4. մարմանդ կրակի վրա թողնել, որ ժելատինը հալվի, բայց չեռացնել: ավելացնել շաքարավազը՝ 50-100գ. ըստ ճաշակի:<br />5. շաքարավազից հետո ավելացնում ենք տաք սուրճը:<br />6. խառնել մինչեւ ստացվի միասեռ զանգված:<br />7. կաթսայի մեջ ավելացնել սերուցքը եւ լիկյորը:<br />8. լցնել թափանցիկ բաժակների մեջ եւ 3ժամ դնել սառնարանը:<br />9. սառելուց հետո կարելի մատուցել՝ զարդարելով սուրճով կամ սերուցքով:<br />բարի ախորժակ&hellip;</p>', 'image_1454413877.jpg', '', '2016-02-02 15:51:17', NULL, 'am', 45, 'serowtskasrchayin-zhele', '2016-02-03 17:39:04', NULL, NULL, NULL),
(46, 'Վարունգի գլանակներ', '<p>1. Աղաջրի մեջ եփել ծովախեցգետինը, հասցնել եռալուն եւ անմիջապես հանել ջրից: Երբ ծովախեցգետինը սառի, կեղեւից հանել եւ մանր կտրատել:<br />2. Ձուն լավ եփել: Մաքրել եւ խորանարդաձեւ կտրատել:<br />3. Մաղադանոսը մանրացնել:<br />4. Կաթնաշոռի պանրին ավելացնել սերուցքը, ծովախեցգետինը, ձուն, մաղադանոսը, աղ եւ պղպեղ (ըստ ճաշակի) եւ լավ խառնել:<br />5. Վարունգը կտրատել բարակ շերտերով: Յուրաքանչյուր շերտով գլանակ սարքել եւ լցոնել պատրաստի միջուկով: Գլանակները ամրացնել չոփիկով:<br />6. Ափսեի մեջ դնել հազարը եւ շարել գլանակները:<br />Նախուտեստը մատուցել սառը:</p>', 'image_1454414091.jpg', '', '2016-02-02 15:54:51', NULL, 'am', 46, 'varowngi-glanakner', '2016-02-02 15:57:32', NULL, NULL, NULL),
(47, 'Տնական շաուրմա', '<p>1. Հավի ֆիլեն լվանալ, չորացնել, կտրել փոքր կտորների, աղ եւ պղպեղ անել եւ տապակել բուսական յուղի մեջ: Վարունգը լվանալ, չորացնել եւ կտրել շերտերով: Պոմիդորը լվանալ եւ ոչ մեծ շերտերի կտրատել:<br />2. Առանձին, պատրաստել սոուսը: Դրա համար կետչուպը եւ մայոնեզը խառնել իրար եւ մի քիչ աղ եւ պղպեղ անել:<br />3. Դրանից հետո, լավաշը փռել սեղանին եւ լավ պատել սոուսով: Վրան լցնել մի շերտ կորեական գազար, կաղամբ, ապա վարունգ, լոլիկ եւ տապակած հավի ֆիլեն:<br />4. Վրան սոուս լցնել: Ապա բոլորը ծրարել, դնել փաթեթի մեջ եւ 1 րոպե տաքացնել միկրոալիքային վառարանի մեջ: Կարելի է նաեւ տաքացնել յուղով պատված թավայի մեջ:<br />ԲԱՐԻ ԱԽՈՐԺԱԿ&hellip;</p>', 'image_1454414346.jpg', '', '2016-02-02 15:59:07', NULL, 'am', 47, 'tnakan-shaowrma', '2016-02-02 15:59:07', NULL, NULL, NULL),
(48, 'Տորթ «Ելակ»', '<p>1. Պատրաստել բաղադրիչները<br />2. Դեղնուցները առանձնացնել սպիտակուցներից: Դեղնուցները հարել շաքարավազի հետ: Այնուհետեւ ավելացնել թթվասեր եւ հալված կարագ: Խառնել հարիչով: Ավելացնել սոդայով խառնած ալյուրը: Եւս մեկ անգամ խառնել:<br />3. Սպիտակուցները հարել եւ ավելացնել խմորին:<br />4. Թխելու ամանը յուղով պատել: Խմորը լցնել 180-190 աստիճան տաքացրած ջեռոցը՝ մոտ 40 րոպե:<br />5. Ելակի վրա 2-3 ճաշի գդալ շաքարավազ լցնել եւ թողնել մոտ կես ժամ, որպեսզի հյութը դուրս գա:<br />6. Հանել ամանի միջից:<br />7. Զգուշորեն բաժանել 2 մասի:<br />8. Յուրաքանչյուր շերտի վրա ելակի հյութ լցնել:<br />9. Տակի շերտի վրա դնել ելակները: Խոշոր հատապտուղները կտրատել:<br />10. Թթվասերը հարել շաքարափոշու հետ: Ստացված կրեմով ծածկել ելակները:<br />11. Դնել երկրորդ շերտը: Վրան լցնել մնացած կրեմը եւ զարդարել հատապտուղներով:<br />Թույլ տալ, որ մեկ ժամ ներծծվի (ցանկալի է սառնարանում):<br />ԲԱՐԻ ԱԽՈՐԺԱԿ</p>', 'image_1454414586.jpg', '', '2016-02-02 16:03:06', NULL, 'am', 48, 'tort-elak', '2016-02-03 17:42:56', NULL, NULL, NULL),
(49, 'Տորտիլյա մսով', '<p>1. Մանր կտրատած սոխը թույլ տապակել բուսական յուղի մեջ: Երբ սոխը դառնա կիսաթափանցիկ, ավելացնել աղացած միս եւ եփել, խառնելով, 5-7 րոպե.<br />2. Տապակած աղացած մսի մեջ ավելացնել մանր կտրատած լոլիկ՝ առանց կճեպի եւ մանրացրած մաղադանոս:<br />3. Ֆարշը համեմել: Պանիրը քերել մեծ քերիչով: <br />4. Չոր եւ տաքացրած թավայի մեջ դնել տորտիլյան, վրան լցնել քերած պանիր, ապա ավելացնել միսը կրկին ծածկել պանրի շերտով:<br />5. Ծածկել երկրորդ տորտիլյայով եւ շուռ տալ: Երկու կողմից պետք է կարմրի եւ դառնա խրթխրթան: Մատուցել՝ եռանկյունաձեւ կտրատած:<br />ԲԱՐԻ ԱԽՈՐԺԱԿ&hellip;</p>', 'image_1454414816.jpg', '', '2016-02-02 16:06:56', NULL, 'am', 49, 'tortilya-msov', '2016-02-03 17:43:57', NULL, NULL, NULL),
(50, 'Ֆրանսիական դասական ձվածեղ պանրով', '<p>1. Հավկիթները հարել կաթի հետ, ցանկալի է սովորական պատառաքաղով:<br />2. Թավայի վրա հալեցնել կարագը: Թավան պետք է բավականաչափ տաք լինի:<br />3. Հենց կարագը դադարի փրփել, ավելացնել կաթով ձուն, ընդգրկելով ամբողջ մակերեսը: Անհրաժեշտ է անմիջապես բարձրացնել ձվածեղի այն մասը, որը եփել է, որպեսզի ձվի մնացած մասը ծորա դրա տակ: <br />4. Պատրաստ լինելուց 1 րոպե առաջ ձվածեղի կեսի վրա լցնել քերած պանիրը եւ եփել եւս 20 վայրկյան:<br />5. Ձվածեղի կեսը շրջել մյուս կեսի վրա եւ վրան լցնել պանրի մնացած մասը, եփել եւս 30 վայրկյան:<br />ԲԱՐԻ ԱԽՈՐԺԱԿ&hellip;</p>', 'image_1454415091.jpg', '', '2016-02-02 16:11:31', NULL, 'am', 50, 'fransiakan-dasakan-dzvatsegh-panrov', '2016-02-03 17:44:45', NULL, NULL, NULL),
(51, 'Հավը կիտրոնով եւ սխտորով', '<p>1. Պատրաստել բաղադրիչները<br />2. Անհրաժեշտ է, որպեսզի ֆիլեն լինի մատի հաստության, դրա համար ծեծել հաստ մասերը.<br />3. Ֆիլեն կտրատել շերտերով.<br />4. Սոխը, սխտորը եւ մաղադանոսը մանր կտրատել.<br />5. Ձիթապտղի յուղը տաքացնել թավայի մեջ: Լցնել սոխը, սխտորը եւ կարմիր պղպեղը: Լավ խառնել.<br />8. Անմիջապես ավելացնել ֆիլեն, խառնել եւ եփել մոտ 3 րոպե, բարձր ջերմության վրա, ժամանակ առ ժամանակ խառնելով.<br />9. Ավելացնել մաղադանոսը, կիտրոնի հյութը, աղ եւ պղպեղ անել: Լավ խառնել: Վերցնել կրակից: <br />10. Մատուցելիս օգտագործել մաղադանոս եւ կիտրոն:</p>', 'image_1454505096.jpg', '', '2016-02-03 17:11:36', NULL, 'am', 51, 'have-kitronov-ew-skhtorov', '2016-02-03 17:16:05', NULL, NULL, NULL);

-- --------------------------------------------------------

--
-- Структура таблицы `recipe_cat`
--

CREATE TABLE IF NOT EXISTS `recipe_cat` (
  `id` int(11) NOT NULL AUTO_INCREMENT,
  `slug` varchar(250) NOT NULL,
  `title` varchar(250) CHARACTER SET armscii8 NOT NULL,
  `lang` varchar(250) CHARACTER SET armscii8 DEFAULT NULL,
  `paret_id` int(11) NOT NULL,
  `img` varchar(50) CHARACTER SET armscii8 DEFAULT NULL,
  `description` text CHARACTER SET armscii8,
  `forlang_id` int(11) NOT NULL,
  `seo_title` varchar(250) DEFAULT NULL,
  `seo_keywords` varchar(250) DEFAULT NULL,
  `seo_description` varchar(250) DEFAULT NULL,
  PRIMARY KEY (`id`),
  KEY `forlang_id` (`forlang_id`)
) ENGINE=InnoDB DEFAULT CHARSET=latin1 AUTO_INCREMENT=1 ;

-- --------------------------------------------------------

--
-- Структура таблицы `recipe_ingredients`
--

CREATE TABLE IF NOT EXISTS `recipe_ingredients` (
  `id` int(11) NOT NULL AUTO_INCREMENT,
  `ingredient_id` int(11) DEFAULT NULL,
  `item_id` int(11) NOT NULL,
  `title_am` varchar(50) DEFAULT NULL,
  `title_en` varchar(50) DEFAULT NULL,
  `title_ru` varchar(50) DEFAULT NULL,
  `count` varchar(50) NOT NULL,
  PRIMARY KEY (`id`)
) ENGINE=InnoDB  DEFAULT CHARSET=utf8 AUTO_INCREMENT=423 ;

--
-- Дамп данных таблицы `recipe_ingredients`
--

INSERT INTO `recipe_ingredients` (`id`, `ingredient_id`, `item_id`, `title_am`, `title_en`, `title_ru`, `count`) VALUES
(1, 1, 1, NULL, NULL, NULL, '1 բաժակ'),
(3, 145, 1, NULL, NULL, NULL, '180 ց'),
(4, NULL, 1, 'Թթվասեր ', '', '', '250 գ'),
(5, NULL, 1, 'Բուսական յուղ ', '', '', '50 մլ'),
(6, NULL, 1, 'Ձու', '', '', '4 հատ'),
(7, NULL, 1, 'Մանանեխ', '', '', '1 թ.գ.'),
(8, NULL, 1, 'Աղ', '', '', '1 թ.գ.'),
(9, NULL, 1, 'Փխրեցուցիչ', '', '', '1 թ.գ.'),
(10, NULL, 1, 'Կանաչ սոխ', '', '', '1 փունջ'),
(11, NULL, 1, 'Ձու', '', '', '3 հատ'),
(12, NULL, 1, 'Աղ', '', '', ''),
(13, 35, 1, NULL, NULL, NULL, ''),
(14, NULL, 2, 'Պահածոյացված արքայախ', '', '', '150-200 գ.'),
(15, NULL, 2, 'Պանիր', '', '', '70 գ.'),
(16, NULL, 2, 'Սխտոր', '', '', '1-2 կտոր'),
(17, NULL, 2, 'Մայոնեզ', '', '', ''),
(18, NULL, 2, 'Աղ', '', '', ''),
(19, 35, 2, NULL, NULL, NULL, ''),
(20, NULL, 3, 'Հավի կրծքամիս', '', '', '500 գ.'),
(21, NULL, 3, 'Սունկ', '', '', '500 գ.'),
(22, NULL, 3, 'Թթու վարունգ', '', '', '4-5'),
(23, NULL, 3, 'Կանաչ սոխ', '', '', '2 փունջ'),
(24, NULL, 3, 'Մայոնեզ', '', '', ''),
(25, NULL, 4, 'Հավի ֆիլե', '', '', '300 գ.'),
(26, NULL, 4, 'Բուլղարական պղպեղ ', '', '', '1 հատ'),
(27, NULL, 4, 'Լոլիկ', '', '', '3 հատ'),
(28, NULL, 4, 'Վարունգ', '', '', '2 հատ'),
(29, NULL, 4, 'Քերած պանիր ', '', '', '1/2 բաժակ'),
(30, NULL, 4, 'Մայոնեզ', '', '', 'ըստ ճաշակի'),
(31, NULL, 4, 'Աղ եւ պղպեղ ', '', '', 'ըստ ճաշակի'),
(32, NULL, 5, 'Հավ եփած ֆիլե', '', '', '300 գ.'),
(33, 24, 5, NULL, NULL, NULL, '200 գ.'),
(34, NULL, 5, 'Պանիր ', '', '', '150 գ.'),
(35, NULL, 5, 'Պահածոյացված եգիպտաց', '', '', '400 գ.'),
(36, NULL, 5, 'Թթու վարունգ ', '', '', '3-4 հատ'),
(37, NULL, 5, 'Սեւ հաց', '', '', '3 շերտ'),
(38, NULL, 5, 'Սխտոր', '', '', '1 պճեղ'),
(39, NULL, 5, 'Աղ', '', '', ''),
(40, NULL, 5, 'Մայոնեզ', '', '', ''),
(41, NULL, 5, 'Մաղադանոս', '', '', '1 փունջ'),
(42, NULL, 6, 'Մուգ շոկոլադ', '', '', '265 գ.'),
(43, NULL, 6, 'Շաքարավազ', '', '', '4 ճաշի գդալ'),
(44, NULL, 6, 'Ջուր', '', '', '240 մլ.'),
(45, NULL, 6, 'Կոնյակ', '', '', '3 ճաշի գդալ'),
(46, NULL, 7, 'Կլոր հաց (ցանկալի է մի քիչ հնացած)', '', '', '1 հատ (500 գ.)'),
(47, NULL, 7, 'Մաքրած լոլիկ', '', '', '250 գ.'),
(48, NULL, 7, 'Սունկ', '', '', '250 գ.'),
(49, NULL, 7, 'Սխտոր', '', '', '2 պճեղ'),
(50, NULL, 7, 'Սամիթ ', '', '', '1 փունջ'),
(51, NULL, 7, 'Քերած պանիր', '', '', '200 գ.'),
(52, NULL, 7, 'Ձիթապտղի յուղ ', '', '', '5-6 ճ.գ.'),
(54, 37, 7, NULL, NULL, NULL, ''),
(55, 145, 8, NULL, NULL, NULL, '150 գ.'),
(56, NULL, 8, 'Կարագ', '', '', '100 գ.'),
(57, NULL, 8, 'Շաքարավազ', '', '', '100 գ.'),
(58, NULL, 8, 'Ձու', '', '', '2 հատ'),
(59, NULL, 8, 'Վանիլի էսենցիա ', '', '', '1 ճ.գ.'),
(60, NULL, 8, 'Փխրեցուցիչ', '', '', '2 ճ.գ.'),
(61, NULL, 8, 'Խնձոր ', '', '', '2 հատ'),
(62, 51, 8, NULL, NULL, NULL, ''),
(63, NULL, 9, 'Բանան', '', '', '1.5 հատ'),
(64, NULL, 9, 'Կես կիտրոն', '', '', ''),
(65, NULL, 9, 'Դարչին', '', '', 'ըստ ճաշակի'),
(66, NULL, 10, 'Տավարի միս ', '', '', '400 գր'),
(67, NULL, 10, 'Սոխ ', '', '', '2 հատ'),
(68, NULL, 10, 'Թթվասեր', '', '', '150-200 գր'),
(69, NULL, 10, 'Կարագ', '', '', '50 գր'),
(70, NULL, 10, 'Բուսական յուղ', '', '', '3 ճ.գ.'),
(71, 145, 10, NULL, NULL, NULL, '1 ճ.գ.'),
(72, NULL, 10, 'Տոմատ', '', '', '1-2 ճ.գ.'),
(73, NULL, 10, 'Մաղադանոս', '', '', ''),
(74, NULL, 10, 'Աղ', '', '', ''),
(75, 37, 10, NULL, NULL, NULL, ''),
(76, 1, 11, NULL, NULL, NULL, '200 գր.'),
(77, NULL, 11, 'Սխտոր', '', '', '5 պճեղ'),
(78, NULL, 11, 'Բուսական յուղ ', '', '', '1 ճ.գ.'),
(79, NULL, 11, 'Կանաչ սոխ ', '', '', '1 փունջ'),
(80, NULL, 11, 'Ձու', '', '', '2 հատ'),
(81, NULL, 12, 'Ձիթապտղի յուղ ', '', '', '3 ճաշի գդալ'),
(82, NULL, 12, 'Կիտրոնի հյութ ', '', '', '1.5 ճաշի գդալ'),
(83, NULL, 12, 'Սխտոր', '', '', '1 կտոր '),
(84, NULL, 12, 'Չորացրած օրեգանո ', '', '', '0.5 թեյի գդալ'),
(85, 35, 12, NULL, NULL, NULL, '0.5 թեյի գդալ'),
(86, NULL, 12, 'Լոլիկ ', '', '', '3 հատ'),
(87, NULL, 12, 'Կարմիր սոխ ', '', '', '1/4 գլուխ'),
(88, NULL, 12, 'Վարունգ', '', '', '0.5 հատ'),
(89, NULL, 12, 'Կանաչ պղպեղ ', '', '', '0.5 հատ'),
(90, NULL, 12, 'Ֆետա պանիր ', '', '', '120 գ'),
(91, NULL, 12, 'Ձիթապտուղ, առանց կոր', '', '', '16 կտոր'),
(92, NULL, 13, 'Հավ', '', '', '250 գ.'),
(93, NULL, 13, 'Սունկ', '', '', '250 գ.'),
(94, NULL, 13, 'Սոխ', '', '', '3 հատ'),
(95, NULL, 13, 'Պանիր ', '', '', '150 գ.'),
(96, NULL, 13, 'Թթվասեր', '', '', '130 մլ.'),
(97, 145, 13, NULL, NULL, NULL, '2 ճ.գ.'),
(98, NULL, 13, 'Աղ', '', '', 'ըստ ճաշակի'),
(99, NULL, 13, 'Պղպեղ', '', '', 'ըստ ճաշակի'),
(100, NULL, 14, 'Լոլիկ', '', '', '3 հատ'),
(101, NULL, 14, 'Քաղցր պղպեղ ', '', '', '1 հատ'),
(102, NULL, 14, 'Սոխ', '', '', '1 հատ'),
(103, NULL, 14, 'Կծու պղպեղ ', '', '', '1 հատ'),
(104, NULL, 14, 'Ռեհան', '', '', '8 տերեւ'),
(105, NULL, 14, 'Սխտոր ', '', '', '2 պճեղ'),
(106, NULL, 14, 'Մաղադանոս', '', '', '1 փունջ'),
(107, NULL, 14, 'Ձիթապտղի յուղ ', '', '', '3 ճ.գ.'),
(108, NULL, 14, 'Խաղողի ձեթ ', '', '', '1 ճ.գ.'),
(109, NULL, 14, 'Սպիտակ գինու քացախ ', '', '', '1 ճ.գ.'),
(110, NULL, 14, 'Կիտրոնի հյութ ', '', '', '1 հատ'),
(111, NULL, 14, 'Ձիթապտուղ', '', '', '1 բուռ'),
(112, NULL, 14, 'Աղ', '', '', 'ըստ ճաշակի'),
(113, NULL, 15, 'Բիբար', '', '', '12-13 հատ'),
(114, 1, 15, NULL, NULL, NULL, '1.5 բաժակ'),
(115, NULL, 15, 'Աղացած միս (գառան միս + տավարի) ', '', '', '400 գ'),
(116, NULL, 15, 'Փոքր լոլիկներ ', '', '', '5 հատ'),
(117, NULL, 15, 'Գազար', '', '', '1 հատ'),
(118, NULL, 15, 'Սոխ', '', '', '2 հատ'),
(119, NULL, 15, 'Կանաչեղեն՝ համեմ, ռեհան, սամիթ', '', '', ''),
(120, NULL, 15, 'Կարագ ', '', '', '50 գ'),
(121, NULL, 15, 'Բուսական յուղ', '', '', ''),
(122, NULL, 15, 'Աղ', '', '', ''),
(123, NULL, 15, 'Կծու պղպեղ', '', '', ''),
(124, NULL, 16, 'Ծաղկակաղամբ', '', '', '700 գ.'),
(125, 145, 16, NULL, NULL, NULL, '1 ճ.գ.'),
(126, NULL, 16, 'Սերուցք', '', '', '220 մլ.'),
(127, NULL, 16, 'Կաղամբի արգանակ', '', '', '220-250 մլ.'),
(128, NULL, 16, 'Ձու', '', '', '2 հատ'),
(129, NULL, 16, 'Պանիր', '', '', '80 գ.'),
(130, NULL, 16, 'Աղ', '', '', ''),
(131, 37, 16, NULL, NULL, NULL, ''),
(132, 76, 16, NULL, NULL, NULL, ''),
(133, NULL, 16, 'Չոր հաց', '', '', ''),
(134, NULL, 16, 'Կարագ', '', '', ''),
(135, NULL, 16, 'Մաղադանոս', '', '', ''),
(136, NULL, 17, 'Ձվի դեղնուց', '', '', '2 հատ'),
(137, NULL, 17, 'Կարագ', '', '', '200գր.'),
(138, 58, 17, NULL, NULL, NULL, '2գ.'),
(139, NULL, 17, 'Կաթնաշոռ անյուղ', '', '', '450գր.'),
(140, NULL, 17, 'Կիվի', '', '', '300գր.'),
(141, NULL, 17, 'Շաքարավազ', '', '', '160գր.'),
(142, 145, 17, NULL, NULL, NULL, '480գր.'),
(143, NULL, 17, 'Փխրեցուցիչ', '', '', '1գ.'),
(144, NULL, 17, 'Ձվի սպիտակուց', '', '', '2 հատ'),
(145, NULL, 18, 'Կանաչ սոխ ', '', '', '700 գ.'),
(146, NULL, 18, 'Սոխ', '', '', '1 հատ'),
(147, NULL, 18, 'Կարագ ', '', '', '50 գ.'),
(148, 145, 18, NULL, NULL, NULL, '25 գ.'),
(149, NULL, 18, 'Արգանակ', '', '', '425 մլ.'),
(150, NULL, 18, 'Կաթ ', '', '', '425 մլ.'),
(151, NULL, 18, 'Աղ ', '', '', 'ըստ ճաշակի'),
(152, 37, 18, NULL, NULL, NULL, 'ըստ ճաշակի'),
(153, 76, 18, NULL, NULL, NULL, '1 պտղունց'),
(154, NULL, 18, 'Սերուցք ', '', '', '4 ճաշի գդալ'),
(155, NULL, 19, 'Կաթնաշոռ ', '', '', '450 գ'),
(156, 54, 19, NULL, NULL, NULL, '1/3 բաժակ + ½ բաժակ'),
(157, NULL, 19, 'Լուծվող սուրճ ', '', '', '2 թ.գ.'),
(158, NULL, 19, 'Սեւ շոկոլադ ', '', '', '300 գ.'),
(159, NULL, 19, 'Սերուցք 35% ', '', '', '500 մլ.'),
(160, NULL, 20, 'Հավի աղացած միս ', '', '', '250-300 գ.'),
(161, NULL, 20, 'Շերտավոր խմոր ', '', '', '1 տուփ'),
(162, NULL, 20, 'Պանիր ', '', '', '100 գ.'),
(163, NULL, 20, 'Կանաչ սոխ ', '', '', '1 փունջ'),
(164, NULL, 20, 'Տոմատ ', '', '', '1/2 բաժակ'),
(165, NULL, 20, 'Կետչուպ', '', '', '3-4 ճ.գ.'),
(166, NULL, 20, 'Մայոնեզ ձիթապտղի ', '', '', '2 ճ.գ.'),
(167, NULL, 20, 'Բուսական յուղ', '', '', '2-3 ճ.գ.'),
(168, NULL, 20, 'Աղ', '', '', ''),
(169, 82, 20, NULL, NULL, NULL, ''),
(171, NULL, 21, 'Կարտոֆիլ', '', '', '8 հատ'),
(172, NULL, 21, 'Սունկ', '', '', '500 գ'),
(173, NULL, 21, 'Սոխ', '', '', '1 հատ'),
(174, 145, 21, NULL, NULL, NULL, '1 ճ.գ.'),
(175, NULL, 21, 'Ձիթապտղի յուղ ', '', '', ''),
(176, NULL, 21, 'Թթվասեր', '', '', '250 գ'),
(177, NULL, 21, 'Աղ', '', '', 'ըստ ճաշակի'),
(178, 35, 21, NULL, NULL, NULL, 'ըստ ճաշակի'),
(179, NULL, 22, 'Աղացած միս ', '', '', '100 գ.'),
(180, NULL, 22, 'Կարտոֆիլ ', '', '', '3 հատ'),
(181, NULL, 22, 'Սունկ ', '', '', '150 գ.'),
(182, NULL, 22, 'Պանիր ', '', '', '100 գ.'),
(183, NULL, 22, 'Ձվի դեղնուց ', '', '', '1 հատ'),
(184, NULL, 22, 'Բուսական յուղ ', '', '', ''),
(185, NULL, 22, 'Աղ ', '', '', 'ըստ ճաշակի'),
(186, NULL, 23, 'Կարտոֆիլ ', '', '', '600 գ.'),
(187, NULL, 23, 'Սոխ ', '', '', '150 գ.'),
(188, NULL, 23, 'Հավի ֆիլե ', '', '', '500 գ.'),
(189, NULL, 23, 'Պանիր ', '', '', '250-300 գ.'),
(190, NULL, 23, 'Սխտոր ', '', '', '3-4 պճեղ'),
(191, NULL, 23, 'Թթվասեր ', '', '', '250-350 մլ.'),
(192, NULL, 23, 'Մայոնեզ ', '', '', '2 ճ.գ.'),
(193, 35, 23, NULL, NULL, NULL, ''),
(194, NULL, 23, 'Համեմունքներ', '', '', ''),
(195, NULL, 23, 'Աղ', '', '', ''),
(196, NULL, 24, 'Հավի դոշ ', '', '', '2 հատ'),
(197, NULL, 24, 'Ձիթապտղի յուղ ', '', '', '30 մլ'),
(198, NULL, 24, 'Սոխ ', '', '', '1 հատ'),
(199, NULL, 24, 'Սխտոր ', '', '', '2 պճեղ'),
(200, NULL, 24, 'Կիտրոնի հյութ ', '', '', '1 հատ'),
(201, 36, 24, NULL, NULL, NULL, '2 ճ.գ.'),
(202, NULL, 24, 'Աղ', '', '', 'ըստ ճաշակի'),
(203, 39, 24, NULL, NULL, NULL, 'ըստ ճաշակի'),
(204, NULL, 25, 'Հավ ', '', '', '1 հատ'),
(205, NULL, 25, 'Սոխ ', '', '', 'հավի քաշի 70-80%-ը'),
(206, NULL, 25, 'Սխտոր ', '', '', '1 պճեղ'),
(207, NULL, 25, 'Կարագ ', '', '', '30 գ.'),
(208, NULL, 25, 'Ձիթապտղի յուղ չզտված', '', '', '30 գ.'),
(209, NULL, 25, 'Աղ ', '', '', ''),
(210, NULL, 25, 'Պղպեղ', '', '', ''),
(212, NULL, 26, 'Հավի փափկամիս ', '', '', '500 գր.'),
(213, NULL, 26, 'Սոխ ', '', '', '1 հատ'),
(214, NULL, 26, 'Ձու ', '', '', '1 հատ '),
(215, NULL, 26, 'Սխտոր ', '', '', '3 պճեղ'),
(216, NULL, 26, 'Սերուցք ', '', '', '200 մլ'),
(217, NULL, 26, 'Պինդ պանիր ', '', '', '150գր.'),
(218, NULL, 27, 'Հավի թեւիկներ', '', '', '6 հատ'),
(219, NULL, 27, 'Ալյուր', '', '', '2 բաժակ '),
(220, NULL, 27, 'Աղ ', '', '', ''),
(221, 37, 27, NULL, NULL, NULL, ''),
(222, NULL, 27, 'Կաթ', '', '', '1/2 բաժակ '),
(223, NULL, 27, 'Ձու', '', '', '3 հատ'),
(224, NULL, 27, 'Խորովածի սոուս', '', '', '2 բաժակ '),
(225, NULL, 27, 'Մեղր', '', '', '3 ճաշի գդալ '),
(226, NULL, 28, 'Հավի կրծքամիս ', '', '', '500 գ.'),
(227, NULL, 28, 'Պանիր ', '', '', '150 գ.'),
(228, NULL, 28, 'Ձու ', '', '', '2 հատ'),
(229, NULL, 28, 'Մայոնեզ ', '', '', '3 ճ.գ.'),
(230, 145, 28, NULL, NULL, NULL, '3 ճ.գ.'),
(231, NULL, 28, 'Սամիթ', '', '', ''),
(232, NULL, 28, 'Աղ', '', '', ''),
(233, NULL, 28, 'Պղպեղ', '', '', ''),
(234, NULL, 28, 'Ձեթ', '', '', ''),
(235, 145, 29, NULL, NULL, NULL, '225 գր'),
(236, NULL, 29, 'Կարագ ', '', '', '115 գր'),
(237, NULL, 29, 'Շաքարավազ ', '', '', '250 գր'),
(238, NULL, 29, 'Կաթնաշոռ ', '', '', '200 գր'),
(239, NULL, 29, 'Ձու ', '', '', '3 հատ'),
(240, NULL, 29, 'Փխրեցուցիչ ', '', '', '0.5 թ.գ.'),
(241, NULL, 29, 'Տանձ ', '', '', '2-3 հատ'),
(242, 58, 29, NULL, NULL, NULL, 'ըստ ճաշակի'),
(243, 145, 30, NULL, NULL, NULL, '180 գ'),
(244, NULL, 30, 'Թթվասեր ', '', '', '250 գ'),
(245, NULL, 30, 'Բուսական յուղ ', '', '', '50 մլ'),
(246, NULL, 30, 'Ձու ', '', '', '4 հատ'),
(247, NULL, 30, 'Մանանեխ ', '', '', '1 թ.գ.'),
(248, NULL, 30, 'Աղ ', '', '', '1 թ.գ.'),
(249, NULL, 30, 'Փխրեցուցիչ ', '', '', '1 թ.գ.'),
(250, NULL, 30, 'Ձուկ (խաշած կամ պահածոյացված ) ', '', '', '400 գ'),
(251, 1, 30, NULL, NULL, NULL, '1 բաժակ'),
(252, NULL, 30, 'Կանաչ սոխ ', '', '', '1 փունջ'),
(253, NULL, 30, 'Ձու ', '', '', '3 հատ'),
(254, NULL, 30, 'Աղ', '', '', ''),
(255, 37, 30, NULL, NULL, NULL, ''),
(256, NULL, 31, 'Կաթնաշոռ ', '', '', '1 տուփ'),
(257, NULL, 31, 'Աղ', '', '', ''),
(258, 37, 31, NULL, NULL, NULL, ''),
(259, NULL, 31, 'Չորացրած լոլիկ', '', '', ''),
(260, NULL, 31, 'Ձու ', '', '', '1 հատ'),
(261, NULL, 31, 'Թթվասեր ', '', '', '2 ճ.գ.'),
(262, 29, 31, NULL, NULL, NULL, '1 ճ.գ.'),
(263, 157, 31, NULL, NULL, NULL, '200 հատ.'),
(265, NULL, 31, 'Գազար ՝ ձեւավորման համար', '', '', ''),
(266, NULL, 32, 'Գլուխ սոխ ', '', '', '1/2 հատ'),
(267, NULL, 32, 'Բուսական կամ ձիթապտղի յուղ ', '', '', '1 ճ.գ.'),
(268, NULL, 32, 'Մարինացված սունկ ', '', '', '300 գ (1 բանկա)'),
(269, NULL, 32, 'Լոլիկ ', '', '', '2 հատ'),
(270, NULL, 32, 'Քաղցր պղպեղ ', '', '', '1 հատ'),
(271, NULL, 32, 'Փունջ սամիթ', '', '', ''),
(272, 145, 33, NULL, NULL, NULL, '1.5-2 բաժակ'),
(273, NULL, 33, 'Փխրեցուցիչ ', '', '', '10 գ.'),
(274, NULL, 33, 'Մեղր ', '', '', '2 ճ.գ.'),
(275, NULL, 33, 'Ձու ', '', '', '1 հատ'),
(276, NULL, 33, 'Բուսական յուղ ', '', '', '1 ճ.գ.'),
(277, NULL, 33, 'Կաթ ', '', '', '300 մլ.'),
(278, NULL, 34, 'Աղացած տավարի միս ', '', '', '1 կգ.'),
(279, NULL, 34, 'Սոխ ', '', '', '1 գլուխ'),
(280, NULL, 34, 'Կարագ ', '', '', '30 գ.'),
(281, NULL, 34, 'Հացի փշրանքներ ', '', '', '60 գ.'),
(282, NULL, 34, 'Ձու ', '', '', '2 հատ'),
(283, NULL, 34, 'Աղ ', '', '', 'ըստ ճաշակի'),
(284, 37, 34, NULL, NULL, NULL, 'ըստ ճաշակի'),
(285, 76, 34, NULL, NULL, NULL, 'ըստ ճաշակի'),
(286, NULL, 34, 'Լիմոն (կեղեւ) ', '', '', '1 թ.գ.'),
(287, NULL, 34, 'Արգանակ ', '', '', '500 մլ.'),
(288, NULL, 34, 'Յուղոտ սերուցք ', '', '', '125 մլ.'),
(289, NULL, 34, 'Ալյուր ', '', '', '2 ճ.գ.'),
(290, NULL, 35, 'Սուլուգունի ', '', '', '600 գ.'),
(291, NULL, 35, 'Խմոր ', '', '', '6 թերթ'),
(292, NULL, 35, 'Բուսական յուղ', '', '', ''),
(293, NULL, 36, 'Սեւ թեյ ', '', '', '150 մլ.'),
(294, NULL, 36, 'Նարինջ', '', '', '3 շրջանակ'),
(295, NULL, 36, 'Ուրց', '', '', '1 ճյուղ'),
(296, NULL, 37, 'Կաթ', '', '', '300 մլ.'),
(297, 145, 37, NULL, NULL, NULL, '250 գ.'),
(298, NULL, 37, 'Աղ ', '', '', '2 գ.'),
(299, NULL, 37, 'Բուսական յուղ ', '', '', '40 մլ.'),
(300, NULL, 37, 'Հավի ձու', '', '', ' 4 հատ'),
(301, NULL, 37, 'Ցածր յուղայնությամբ կաթնաշոռ', '', '', '700 գ.'),
(302, 49, 37, NULL, NULL, NULL, '2 գ.'),
(303, 58, 37, NULL, NULL, NULL, '2 գ.'),
(304, NULL, 37, 'Խտացրած կաթ', '', '', ' 80 մլ.'),
(305, NULL, 37, 'Կարագ ', '', '', '30 գ.'),
(306, NULL, 37, 'Չորահաց', '', '', '20 գ.'),
(307, NULL, 37, 'Շաքարավազ', '', '', '30 գ.'),
(308, NULL, 38, 'Սունկ ', '', '', '10 հատ'),
(309, NULL, 38, 'Չիլի պղպեղ', '', '', '1-1,5 սմ կտոր'),
(310, NULL, 38, 'Սխտոր մաքրած', '', '', '1 խոշոր պճեղ'),
(311, NULL, 38, 'Թարմ մաղադանոս ', '', '', '2-3 ճ.գ.'),
(312, NULL, 38, 'Աղ', '', '', 'ըստ ճաշակ'),
(313, NULL, 38, 'Կիտրոնի հյութ', '', '', '1 ճ.գ.'),
(314, NULL, 38, 'Ձիթապտղի ձեթ', '', '', '3 ճ.գ.'),
(315, NULL, 38, 'Պանիր', '', '', '30 գ.'),
(316, NULL, 39, 'Ոչխարի կամ տավարի միս', '', '', '600 գ.'),
(317, 1, 39, NULL, NULL, NULL, '800 գ .'),
(318, NULL, 39, 'Սոխ ', '', '', '250 գ.'),
(319, NULL, 39, 'Գազար', '', '', '650 գ.'),
(320, NULL, 39, 'Բուսական յուղ ', '', '', '300 գ.'),
(321, NULL, 39, 'Աղ ', '', '', 'ըստ ճաշակի'),
(322, NULL, 39, 'Համեմունքներ ', '', '', 'ըստ ճաշակի'),
(323, NULL, 40, 'Հավի բուդ ', '', '', '300 գ.'),
(324, NULL, 40, 'Լոլիկ ', '', '', '150 գ.'),
(325, NULL, 40, 'Սոխ', '', '', '200 գ.'),
(326, NULL, 40, 'Տոմատ', '', '', '40 գ.'),
(327, NULL, 40, 'Աջիկա ', '', '', ' 30 գ.'),
(328, 68, 40, NULL, NULL, NULL, '5 գ.'),
(329, NULL, 40, 'Բուսական յուղ', '', '', ''),
(330, NULL, 40, 'Կանաչի', '', '', ''),
(331, NULL, 40, 'Սխտոր', '', '', ' 2–3 պճեղ'),
(332, NULL, 41, 'Սառեցված կարագ', '', '', '150 գ'),
(333, NULL, 41, 'Ալյուր', '', '', '170 գ'),
(334, NULL, 41, 'Սառը ջուր', '', '', '3 ճ.գ.'),
(335, NULL, 41, 'Սերուցք', '', '', '200 մլ'),
(336, NULL, 41, 'Հավի եփած կրծքամիս', '', '', '1 հատ'),
(337, NULL, 41, 'Ձու', '', '', '2 հատ'),
(338, NULL, 41, 'Պանիր', '', '', '150 գ'),
(339, NULL, 41, 'Սամիթ', '', '', ''),
(340, 157, 42, NULL, NULL, NULL, '200 գ.'),
(341, NULL, 42, 'Սունկ', '', '', '150 գ.'),
(342, NULL, 42, 'Պանիր', '', '', '100 գ.'),
(343, NULL, 42, 'Ֆետա պանիր', '', '', '100 գ.'),
(344, NULL, 42, 'Հավի ձու (լավ եփած)', '', '', '2 հատ'),
(345, NULL, 42, 'Թթվասեր', '', '', '2 ճ.գ.'),
(346, NULL, 42, 'Մայոնեզ', '', '', '1 ճ.գ.'),
(347, NULL, 42, 'Սամիթ', '', '', 'ըստ ճաշակի'),
(348, NULL, 42, 'Աղ', '', '', 'ըստ ճաշակի'),
(349, NULL, 43, 'Հավի կրծքամիս (փափկամիսը)', '', '', '2 հատ'),
(350, NULL, 43, 'Խոզապուխտ', '', '', '150 գ.'),
(351, NULL, 43, 'Պանիր', '', '', '150 գ.'),
(352, NULL, 43, 'Սերուցք (20 - 33%)', '', '', '100 մլ.'),
(353, NULL, 43, 'Սխտոր ', '', '', '3 պճեղ'),
(354, NULL, 43, 'Կտրատած կանաչեղեն ', '', '', '1 ճ.գ.'),
(355, NULL, 43, 'Բուսական յուղ', '', '', ''),
(356, 37, 43, NULL, NULL, NULL, 'ըստ ճաշակի'),
(357, NULL, 44, 'Սաղմոն', '', '', '300 գ.'),
(358, NULL, 44, 'Մեղր', '', '', '2 թ.գ.'),
(359, NULL, 44, 'Մանանեխ', '', '', '2 թ.գ.'),
(360, 51, 44, NULL, NULL, NULL, ''),
(361, 56, 45, NULL, NULL, NULL, '2 ճ.գ.'),
(362, NULL, 45, 'Սերուցք 20-22%', '', '', ''),
(363, NULL, 45, 'Ջուր', '', '', '400 մլ.'),
(364, NULL, 45, 'Շաքարավազ', '', '', '75 գ.'),
(365, NULL, 45, 'Սուրճի լիկյոր', '', '', '2 ճ.գ.'),
(366, NULL, 46, 'Թարմ վարունգ (մեծ)', '', '', '1 հատ'),
(367, NULL, 46, 'Ծովախեցգետին ', '', '', '100 գ.'),
(368, NULL, 46, 'Ձու', '', '', '1 հատ'),
(369, NULL, 46, 'Կաթնաշոռի պանիր', '', '', '2-3 ճ.գ'),
(370, NULL, 46, 'Սերուցք', '', '', '2-3 ճ.գ.'),
(371, NULL, 46, 'Մաղադանոս', '', '', '1 փունջ '),
(372, NULL, 46, 'Աղ ', '', '', 'ըստ ճաշակի'),
(373, NULL, 46, 'Պղպեղ ', '', '', 'ըստ ճաշակի'),
(374, NULL, 46, 'Հազար', '', '', ''),
(375, NULL, 47, 'Լավաշ', '', '', '1 հատ'),
(376, NULL, 47, 'Հավի ֆիլե', '', '', '200 գրամ'),
(377, NULL, 47, 'Կորեական գազար', '', '', '100 գրամ'),
(378, NULL, 47, 'Կորեական կաղամբ', '', '', '100 գրամ'),
(379, NULL, 47, 'Վարունգ', '', '', '1 հատ'),
(380, NULL, 47, 'Պոմիդոր', '', '', '1 հատ'),
(381, NULL, 47, 'Մայոնեզ', '', '', 'ըստ ճաշակի'),
(382, NULL, 47, 'Կետչուպ', '', '', 'ըստ ճաշակի'),
(383, NULL, 47, 'Աղ', '', '', 'ըստ ճաշակի'),
(384, 35, 47, NULL, NULL, NULL, 'ըստ ճաշակի'),
(385, NULL, 47, 'Բուսական յուղ', '', '', ''),
(386, 145, 48, NULL, NULL, NULL, '1.5 բաժակ'),
(387, NULL, 48, 'Կարագ', '', '', '100 գ.'),
(388, NULL, 48, 'Շաքարավազ', '', '', '1 բաժակ'),
(389, NULL, 48, 'Թթվասեր', '', '', '2.5 բաժակ'),
(390, NULL, 48, 'Սոդա', '', '', '1 թ.գ.'),
(391, NULL, 48, 'Ձու', '', '', '3-4 հատ'),
(392, NULL, 48, 'Ելակ', '', '', '800-900 գ.'),
(393, 54, 48, NULL, NULL, NULL, '1 բաժակ'),
(394, NULL, 49, 'Սոխ (100 գ)', '', '', '1 հատ'),
(395, NULL, 49, 'Եգիպտացորենի ձեթ', '', '', '30 մլ.'),
(396, NULL, 49, 'Տավարի աղացած միս', '', '', '400 գ.'),
(397, NULL, 49, 'Կարմիր լոլիկ', '', '', '300 գ.'),
(398, NULL, 49, 'Մաղադանոս', '', '', '30 գ.'),
(399, NULL, 49, 'Չաման', '', '', '1/2 թեյի գդալ'),
(400, NULL, 49, 'Աղ', '', '', '1/2 թեյի գդալ'),
(401, 35, 49, NULL, NULL, NULL, '1/4 թեյի գդալ'),
(402, NULL, 49, 'Պանիր Գաուդա ', '', '', '100 գ.'),
(403, NULL, 49, 'Տորտիլյա', '', '', '6 հատ'),
(404, NULL, 50, 'Հավկիթ', '', '', '3 հատ'),
(405, NULL, 50, 'Կաթ', '', '', '1 թեյի գդալ'),
(406, NULL, 50, 'Պանիր', '', '', '50 գ.'),
(407, NULL, 50, 'Կարագ', '', '', '1 ճաշի գդալ'),
(408, 35, 50, NULL, NULL, NULL, 'ըստ ճաշակի'),
(409, NULL, 50, 'Աղ', '', '', 'ըստ ճաշակի'),
(410, NULL, 2, 'Հավի ֆիլե (խաշած) ', '', '', '200 գ.'),
(411, NULL, 12, 'Ծովային աղ ', '', '', '0.5 թեյի գդալ'),
(412, 37, 14, NULL, NULL, NULL, 'ըստ ճաշակի'),
(413, NULL, 51, 'Հավի դոշ', '', '', '2 հատ'),
(414, NULL, 51, 'Ձիթապտղի յուղ', '', '', '30 մլ.'),
(415, NULL, 51, 'Սոխ', '', '', '1 հատ'),
(416, NULL, 51, 'Սխտոր', '', '', '2 պճեղ'),
(417, NULL, 51, 'Կիտրոնի հյութ', '', '', '1 հատ'),
(418, NULL, 51, 'Մաղադանոս', '', '', '2 ճ.գ.'),
(419, 38, 51, NULL, NULL, NULL, '2 ճ.գ.'),
(420, NULL, 51, 'Աղ', '', '', 'ըստ ճաշակի'),
(421, 35, 51, NULL, NULL, NULL, 'ըստ ճաշակի'),
(422, NULL, 45, 'Լուծվող սուրճ', '', '', '5գ.');

-- --------------------------------------------------------

--
-- Структура таблицы `recipe_rel`
--

CREATE TABLE IF NOT EXISTS `recipe_rel` (
  `id` int(11) NOT NULL AUTO_INCREMENT,
  `cat_id` int(11) NOT NULL,
  `item_id` int(11) NOT NULL,
  PRIMARY KEY (`id`)
) ENGINE=InnoDB DEFAULT CHARSET=utf8 AUTO_INCREMENT=1 ;

-- --------------------------------------------------------

--
-- Структура таблицы `slider`
--

CREATE TABLE IF NOT EXISTS `slider` (
  `id` int(11) NOT NULL AUTO_INCREMENT,
  `title` varchar(250) CHARACTER SET utf8 DEFAULT NULL,
  `description` text CHARACTER SET utf8,
  `img` varchar(50) CHARACTER SET utf8 DEFAULT NULL,
  `created_at` varchar(50) CHARACTER SET utf8 DEFAULT NULL,
  `lang` varchar(10) CHARACTER SET utf8 NOT NULL,
  `parent_id` int(11) DEFAULT NULL,
  `updated_at` varchar(50) CHARACTER SET utf8 DEFAULT NULL,
  PRIMARY KEY (`id`),
  KEY `id` (`id`)
) ENGINE=InnoDB  DEFAULT CHARSET=latin1 AUTO_INCREMENT=40 ;

--
-- Дамп данных таблицы `slider`
--

INSERT INTO `slider` (`id`, `title`, `description`, `img`, `created_at`, `lang`, `parent_id`, `updated_at`) VALUES
(37, 'lorem ipsum', '', 'image_1454424396.jpg', '2016-02-02 18:45:50', 'am', 37, '2016-02-02 18:46:36'),
(38, 'lorem ipsum', '', 'image_1454424415.jpg', '2016-02-02 18:46:55', 'am', 38, '2016-02-02 18:46:55'),
(39, '', '', 'image_1454503397.jpg', '2016-02-03 16:43:18', 'am', 39, '2016-02-03 16:43:18');

-- --------------------------------------------------------

--
-- Структура таблицы `statistics`
--

CREATE TABLE IF NOT EXISTS `statistics` (
  `id` int(11) NOT NULL AUTO_INCREMENT,
  `ip_adress` varchar(50) CHARACTER SET utf8 DEFAULT NULL,
  `session_id` varchar(50) CHARACTER SET utf8 DEFAULT NULL,
  `country` varchar(50) CHARACTER SET utf8 DEFAULT NULL,
  `city` varchar(50) CHARACTER SET utf8 DEFAULT NULL,
  `date` varchar(6) DEFAULT NULL,
  `brauzer` varchar(50) CHARACTER SET utf8 DEFAULT NULL,
  `count` int(11) DEFAULT NULL,
  `platform` varchar(50) CHARACTER SET utf8 DEFAULT NULL,
  PRIMARY KEY (`id`)
) ENGINE=InnoDB  DEFAULT CHARSET=latin1 AUTO_INCREMENT=2 ;

--
-- Дамп данных таблицы `statistics`
--

INSERT INTO `statistics` (`id`, `ip_adress`, `session_id`, `country`, `city`, `date`, `brauzer`, `count`, `platform`) VALUES
(1, '127.0.0.1', 'mh5kvuaflg1i8dadh11lqcs6u3', '', '', '2016-0', 'Chrome', 1, 'Windows');

-- --------------------------------------------------------

--
-- Структура таблицы `user`
--

CREATE TABLE IF NOT EXISTS `user` (
  `id` int(11) NOT NULL AUTO_INCREMENT,
  `username` varchar(255) COLLATE utf8_unicode_ci NOT NULL,
  `auth_key` varchar(32) COLLATE utf8_unicode_ci NOT NULL,
  `password_hash` varchar(255) COLLATE utf8_unicode_ci NOT NULL,
  `password_reset_token` varchar(255) COLLATE utf8_unicode_ci DEFAULT NULL,
  `email` varchar(255) COLLATE utf8_unicode_ci NOT NULL,
  `status` smallint(6) NOT NULL DEFAULT '10',
  `created_at` int(11) NOT NULL,
  `updated_at` int(11) NOT NULL,
  `name` varchar(100) COLLATE utf8_unicode_ci NOT NULL,
  `lastename` varchar(100) COLLATE utf8_unicode_ci NOT NULL,
  PRIMARY KEY (`id`)
) ENGINE=InnoDB  DEFAULT CHARSET=utf8 COLLATE=utf8_unicode_ci AUTO_INCREMENT=5 ;

--
-- Дамп данных таблицы `user`
--

INSERT INTO `user` (`id`, `username`, `auth_key`, `password_hash`, `password_reset_token`, `email`, `status`, `created_at`, `updated_at`, `name`, `lastename`) VALUES
(2, 'admin', 'PGo3XfxbFgkMeuK9NRyGFN8RQL9KQon4', '$2y$13$6ecPSF2UVQKygUPktVIxF.O5CiRA58.9wrQlUQdEAcDrXupaGvL5i', NULL, 'movses.meliksetyan@mail.ru', 10, 1434008185, 1434008185, 'admin', 'admin'),
(4, 'MOSOSJAN', 'gDARBLZOdxr2r_S2apNo4UkcKeIhyJik', '$2y$13$OWoAtF.3BPTJx6wG3zR85.Vvo8BO9p7cCacUQb39.TIhyx7oHbwvy', NULL, 'movses.meliksetyan1991@gmail.com', 10, 1434793741, 1434793741, 'Movses', 'Meliksetyan');

-- --------------------------------------------------------

--
-- Структура таблицы `vacancy`
--

CREATE TABLE IF NOT EXISTS `vacancy` (
  `id` int(11) NOT NULL AUTO_INCREMENT,
  `title` varchar(250) CHARACTER SET utf8 DEFAULT NULL,
  `description` text CHARACTER SET utf8,
  `img` varchar(50) DEFAULT NULL,
  `created_at` varchar(50) DEFAULT NULL,
  `cat_id` int(11) DEFAULT NULL,
  `lang` varchar(10) NOT NULL,
  `parrent_id` int(11) DEFAULT NULL,
  `slug` varchar(250) DEFAULT NULL,
  `updated_at` varchar(50) DEFAULT NULL,
  `seo_title` varchar(250) DEFAULT NULL,
  `seo_keywords` varchar(250) DEFAULT NULL,
  `seo_description` varchar(250) DEFAULT NULL,
  PRIMARY KEY (`id`)
) ENGINE=InnoDB  DEFAULT CHARSET=latin1 AUTO_INCREMENT=8 ;

--
-- Дамп данных таблицы `vacancy`
--

INSERT INTO `vacancy` (`id`, `title`, `description`, `img`, `created_at`, `cat_id`, `lang`, `parrent_id`, `slug`, `updated_at`, `seo_title`, `seo_keywords`, `seo_description`) VALUES
(7, 'Վարորդ-առաքիչ', '<p><strong>Աշխատանքի նկարագիրը:</strong></p>\r\n<p>Աշխատանքի ենք հրավիրում փորձառու վարորդների ,Մառանիկե ՍՊԸ-ում աշխատելու համար:</p>\r\n<p><strong>Աշխատանքային պարտականությունները:</strong></p>\r\n<p>1. Ապրանքների բեռնում մեքենա, &nbsp;</p>\r\n<p>2.Սահմանաված հասցեներով առաքումների իրականացում,</p>\r\n<p>3. Մեքենայի մաքրության եվ սարքին վիճակի հետեվում:</p>\r\n<p><strong>Պահանջվող որակավորումները:</strong></p>\r\n<p>1. BC կարգի վարորդական իրավունքի առկայություն, &nbsp;</p>\r\n<p>2. Առնվազն 2 տարվա աշխատանքային փորձ (ցանկալի է սննդի ոլորտում)</p>\r\n<p><strong>Դիմելու ընթացակարգը:</strong></p>\r\n<p>Կարող եք ուղարկել Ձեր տվյալները careers@imexgroup.am էլ.հասցեին` նշելով հաստիքը, կամ այցելել գրասենյակ Թբիլիսյան խճուղի 25 հասցեով ամեն աշխատանքային օր ժ.10.00-16.00-ը:</p>\r\n<p><strong>Աշխատանքային ժամերը:</strong></p>\r\n<p>08:00-18:00</p>', NULL, '2016-02-02 03:42:15', NULL, 'am', 7, 'varord-arhakich', '2016-02-02 03:45:46', NULL, NULL, NULL);

--
-- Ограничения внешнего ключа сохраненных таблиц
--

--
-- Ограничения внешнего ключа таблицы `auth_assignment`
--
ALTER TABLE `auth_assignment`
  ADD CONSTRAINT `auth_assignment_ibfk_1` FOREIGN KEY (`item_name`) REFERENCES `auth_item` (`name`) ON DELETE CASCADE ON UPDATE CASCADE;

--
-- Ограничения внешнего ключа таблицы `auth_item`
--
ALTER TABLE `auth_item`
  ADD CONSTRAINT `auth_item_ibfk_1` FOREIGN KEY (`rule_name`) REFERENCES `auth_rule` (`name`) ON DELETE SET NULL ON UPDATE CASCADE;

--
-- Ограничения внешнего ключа таблицы `auth_item_child`
--
ALTER TABLE `auth_item_child`
  ADD CONSTRAINT `auth_item_child_ibfk_1` FOREIGN KEY (`parent`) REFERENCES `auth_item` (`name`) ON DELETE CASCADE ON UPDATE CASCADE,
  ADD CONSTRAINT `auth_item_child_ibfk_2` FOREIGN KEY (`child`) REFERENCES `auth_item` (`name`) ON DELETE CASCADE ON UPDATE CASCADE;

/*!40101 SET CHARACTER_SET_CLIENT=@OLD_CHARACTER_SET_CLIENT */;
/*!40101 SET CHARACTER_SET_RESULTS=@OLD_CHARACTER_SET_RESULTS */;
/*!40101 SET COLLATION_CONNECTION=@OLD_COLLATION_CONNECTION */;
